"Firm_id","Sales","Sales1","Price","Promotion","Distribution","customer_satisfaction","competition","total_employee","age","sum_price_promo","mean_price_promo","Price_Category","Price_Level"
1,3053843.806,3053843.81,727,14,1453,6,12,7946,7,741,370.5,"High_Price","High"
2,5188032.299,5188032.3,655,1,836,4,15,4375,5,656,328,"High_Price","Medium"
3,5588262.033,5588262.03,443,5,604,2,19,3374,10,448,224,"Low_Price","Medium"
4,3072143.659,3072143.66,636,4,1426,1,9,7712,18,640,320,"High_Price","Medium"
5,3659511.887,3659511.89,431,15,1184,7,3,5181,6,446,223,"Low_Price","Medium"
6,-2038362.659,2038362.66,608,0,1726,3,3,3795,9,608,304,"High_Price","Medium"
7,5692246.539,5692246.54,655,16,1023,1,13,6983,3,671,335.5,"High_Price","Medium"
8,2182818.948,2182818.95,406,4,1479,5,18,6917,17,410,205,"Low_Price","Medium"
9,2604994.009,2604994.01,677,17,1205,1,13,3640,10,694,347,"High_Price","Medium"
10,2670683.119,2670683.12,718,19,1433,6,5,6896,16,737,368.5,"High_Price","High"
11,7094529.166,7094529.17,360,19,502,2,14,5364,7,379,189.5,"Low_Price","Low"
12,7355918.402,7355918.4,424,6,705,3,17,7156,4,430,215,"Low_Price","Medium"
13,5307034.234,5307034.23,407,4,1064,3,20,6843,3,411,205.5,"Low_Price","Medium"
14,6324196.824,6324196.82,725,10,840,3,18,6352,7,735,367.5,"High_Price","High"
15,-1664023.375,1664023.38,626,12,1607,2,2,2193,9,638,319,"High_Price","Medium"
16,4411571.424,4411571.42,355,2,855,7,15,3105,14,357,178.5,"Low_Price","Low"
17,3690798.702,3690798.7,405,18,1103,3,18,4285,4,423,211.5,"Low_Price","Medium"
18,233766.8282,233766.83,595,17,1633,2,15,5975,15,612,306,"High_Price","Medium"
19,5809194.866,5809194.87,623,6,759,4,9,4786,15,629,314.5,"High_Price","Medium"
20,4744756.066,4744756.07,423,10,1051,3,14,5625,19,433,216.5,"Low_Price","Medium"
21,5240218.223,5240218.22,432,13,642,1,19,2931,6,445,222.5,"Low_Price","Medium"
22,-756864.0874,756864.09,339,9,1636,1,15,4360,14,348,174,"Low_Price","Low"
23,523376.4921,523376.49,383,0,1421,4,9,3113,13,383,191.5,"Low_Price","Low"
24,1211822.434,1211822.43,629,4,1544,5,17,6258,17,633,316.5,"High_Price","Medium"
25,4066391.67,4066391.67,789,10,1220,5,5,6443,4,799,399.5,"High_Price","High"
26,3067111.753,3067111.75,380,6,1212,4,2,4614,6,386,193,"Low_Price","Low"
27,6398293.085,6398293.09,533,5,742,3,15,5731,11,538,269,"Low_Price","Medium"
28,2680218.956,2680218.96,401,5,1413,6,9,6746,10,406,203,"Low_Price","Medium"
29,4855645.938,4855645.94,439,7,899,2,18,4323,3,446,223,"Low_Price","Medium"
30,7739783.217,7739783.22,768,12,647,2,20,7393,12,780,390,"High_Price","High"
31,4573711.53,4573711.53,485,3,1036,1,16,5253,18,488,244,"Low_Price","Medium"
32,2380674.027,2380674.03,716,14,1483,7,11,7212,9,730,365,"High_Price","High"
33,230162.5904,230162.59,767,0,1469,3,14,3356,16,767,383.5,"High_Price","High"
34,5177537.537,5177537.54,705,7,628,1,13,2786,6,712,356,"High_Price","High"
35,6547425.05,6547425.05,685,14,571,6,7,4737,13,699,349.5,"High_Price","Medium"
36,4762753.875,4762753.88,426,7,1206,5,12,7531,3,433,216.5,"Low_Price","Medium"
37,7146714.49,7146714.49,674,15,739,7,13,6886,11,689,344.5,"High_Price","Medium"
38,-630663.8795,630663.88,430,16,1774,6,12,7025,4,446,223,"Low_Price","Medium"
39,-1445471.305,1445471.31,374,16,1655,5,6,3362,3,390,195,"Low_Price","Low"
40,1378871.97,1378871.97,348,7,1421,7,6,4521,13,355,177.5,"Low_Price","Low"
41,5684966.905,5684966.91,752,16,1107,2,10,7889,19,768,384,"High_Price","High"
42,137092.265,137092.27,637,11,1426,2,18,2429,11,648,324,"High_Price","Medium"
43,3381071.393,3381071.39,558,9,978,5,3,2400,20,567,283.5,"High_Price","Medium"
44,2575970.58,2575970.58,748,14,1470,6,18,7366,11,762,381,"High_Price","High"
45,-229105.9159,229105.92,703,8,1674,6,19,5934,5,711,355.5,"High_Price","High"
46,5733273.078,5733273.08,743,4,924,7,20,6082,3,747,373.5,"High_Price","High"
47,2099143.178,2099143.18,669,1,1511,1,14,7376,8,670,335,"High_Price","Medium"
48,-583475.7099,583475.71,526,5,1770,1,19,7198,16,531,265.5,"Low_Price","Medium"
49,6175852.917,6175852.92,683,20,517,6,12,3739,11,703,351.5,"High_Price","Medium"
50,1572681.687,1572681.69,598,10,1363,5,4,3990,14,608,304,"High_Price","Medium"
51,-3861999.055,3861999.06,774,15,1867,3,16,3187,12,789,394.5,"High_Price","High"
52,2127807.821,2127807.82,797,2,1464,6,7,6588,9,799,399.5,"High_Price","High"
53,8084168.849,8084168.85,603,11,566,6,3,7462,16,614,307,"High_Price","Medium"
54,7615340.845,7615340.85,374,19,516,4,8,6321,15,393,196.5,"Low_Price","Low"
55,3242812.258,3242812.26,565,17,1217,3,14,4907,3,582,291,"High_Price","Medium"
56,-2936775.38,2936775.38,630,9,1934,4,5,6269,8,639,319.5,"High_Price","Medium"
57,8262979.134,8262979.13,629,17,566,2,10,7787,7,646,323,"High_Price","Medium"
58,-4876156.685,4876156.69,404,14,1992,7,4,3983,14,418,209,"Low_Price","Medium"
59,863828.6852,863828.69,489,18,1384,6,4,2953,14,507,253.5,"Low_Price","Medium"
60,5670211.326,5670211.33,782,7,641,3,8,3713,7,789,394.5,"High_Price","High"
61,-4767383.485,4767383.49,363,9,1928,1,17,2931,16,372,186,"Low_Price","Low"
62,5621464.106,5621464.11,538,12,829,1,9,5004,18,550,275,"Low_Price","Medium"
63,6477059.285,6477059.29,437,15,583,3,6,4709,15,452,226,"Low_Price","Medium"
64,3134377.976,3134377.98,434,7,1329,2,7,6345,9,441,220.5,"Low_Price","Medium"
65,446885.9083,446885.91,458,10,1522,3,6,4506,6,468,234,"Low_Price","Medium"
66,-254084.9079,254084.91,646,19,1630,1,20,5051,17,665,332.5,"High_Price","Medium"
67,6272566.554,6272566.55,355,2,583,7,3,4415,17,357,178.5,"Low_Price","Low"
68,-5425579.916,5425579.92,670,1,1979,2,14,2919,18,671,335.5,"High_Price","Medium"
69,-1553022.453,1553022.45,579,5,1864,2,2,7327,14,584,292,"High_Price","Medium"
70,3848060.587,3848060.59,398,10,1076,2,8,4333,9,408,204,"Low_Price","Low"
71,-532622.0917,532622.09,458,6,1711,6,9,6090,9,464,232,"Low_Price","Medium"
72,1308761.829,1308761.83,781,3,1315,5,16,2910,6,784,392,"High_Price","High"
73,-565618.168,565618.17,720,7,1586,3,4,3807,18,727,363.5,"High_Price","High"
74,-1087095.799,1087095.8,734,8,1549,5,4,2219,12,742,371,"High_Price","High"
75,-1654232.886,1654232.89,662,7,1721,3,10,4313,14,669,334.5,"High_Price","Medium"
76,-1847492.477,1847492.48,339,11,1855,2,17,6567,17,350,175,"Low_Price","Low"
77,4859000.623,4859000.62,621,18,891,4,19,4114,14,639,319.5,"High_Price","Medium"
78,3056790.945,3056790.95,722,0,1173,5,10,4139,18,722,361,"High_Price","High"
79,1248483.353,1248483.35,432,2,1378,1,7,3772,11,434,217,"Low_Price","Medium"
80,5178985.235,5178985.24,478,12,658,7,20,2854,8,490,245,"Low_Price","Medium"
81,-905033.2148,905033.21,415,9,1642,2,11,4196,5,424,212,"Low_Price","Medium"
82,7164142.89,7164142.89,674,6,646,5,3,6379,6,680,340,"High_Price","Medium"
83,1489609.819,1489609.82,540,7,1454,7,10,5230,16,547,273.5,"Low_Price","Medium"
84,539109.3675,539109.37,387,5,1670,2,14,7297,16,392,196,"Low_Price","Low"
85,5133798.779,5133798.78,529,0,915,3,20,5024,4,529,264.5,"Low_Price","Medium"
86,-416149.5164,416149.52,399,4,1544,3,6,3399,5,403,201.5,"Low_Price","Low"
87,-523902.0952,523902.1,448,15,1706,6,12,5923,14,463,231.5,"Low_Price","Medium"
88,5210825.848,5210825.85,754,8,871,6,2,4611,20,762,381,"High_Price","High"
89,2161223.035,2161223.04,478,15,1345,4,2,4734,18,493,246.5,"Low_Price","Medium"
90,3830243.584,3830243.58,544,19,1080,1,7,4274,10,563,281.5,"Low_Price","Medium"
91,4779886.317,4779886.32,524,16,758,3,3,2871,8,540,270,"Low_Price","Medium"
92,4447074.002,4447074,446,13,865,2,6,3215,12,459,229.5,"Low_Price","Medium"
93,34595.71015,34595.71,389,14,1537,7,8,3922,18,403,201.5,"Low_Price","Low"
94,-681982.7607,681982.76,655,3,1639,2,10,4591,12,658,329,"High_Price","Medium"
95,3538838.328,3538838.33,743,1,1344,4,5,7311,8,744,372,"High_Price","High"
96,2954878.945,2954878.95,574,12,1260,2,4,5010,18,586,293,"High_Price","Medium"
97,1572004.67,1572004.67,537,1,1359,3,17,4053,12,538,269,"Low_Price","Medium"
98,-2104710.108,2104710.11,731,18,1893,2,3,6820,15,749,374.5,"High_Price","High"
99,-1041037.072,1041037.07,765,1,1700,3,2,5065,14,766,383,"High_Price","High"
100,8053145.802,8053145.8,794,0,616,3,17,7851,19,794,397,"High_Price","High"
101,6585227.436,6585227.44,708,13,520,3,16,4593,6,721,360.5,"High_Price","High"
102,6336182.009,6336182.01,592,6,568,5,20,4441,14,598,299,"High_Price","Medium"
103,6584761.007,6584761.01,483,3,736,5,4,6011,3,486,243,"Low_Price","Medium"
104,4287500.35,4287500.35,685,6,863,4,7,2950,18,691,345.5,"High_Price","Medium"
105,4840600.285,4840600.29,678,17,647,5,19,2162,6,695,347.5,"High_Price","Medium"
106,4416415.972,4416415.97,468,1,1092,4,8,5584,13,469,234.5,"Low_Price","Medium"
107,452779.6749,452779.67,711,3,1655,2,16,6899,8,714,357,"High_Price","High"
108,5254530.789,5254530.79,581,16,532,6,15,2218,11,597,298.5,"High_Price","Medium"
109,944921.7897,944921.79,622,11,1628,4,9,7185,4,633,316.5,"High_Price","Medium"
110,6652552.726,6652552.73,793,1,904,1,2,7624,5,794,397,"High_Price","High"
111,-306619.3369,306619.34,306,13,1628,6,13,4917,6,319,159.5,"Low_Price","Low"
112,4231373.679,4231373.68,529,9,1204,6,18,6526,10,538,269,"Low_Price","Medium"
113,-511550.362,511550.36,617,9,1688,3,8,5714,6,626,313,"High_Price","Medium"
114,4178070.351,4178070.35,534,13,786,3,5,2046,17,547,273.5,"Low_Price","Medium"
115,6964836.668,6964836.67,617,11,512,3,17,5246,7,628,314,"High_Price","Medium"
116,-3995813.007,3995813.01,739,9,1834,3,7,2339,5,748,374,"High_Price","High"
117,777961.8792,777961.88,392,17,1420,4,9,3393,3,409,204.5,"Low_Price","Low"
118,-3599192.265,3599192.27,426,19,1933,4,14,4972,19,445,222.5,"Low_Price","Medium"
119,-1478752.094,1478752.09,790,9,1787,3,11,5880,3,799,399.5,"High_Price","High"
120,7105200.121,7105200.12,397,3,683,1,2,6593,20,400,200,"Low_Price","Low"
121,761049.8977,761049.9,439,9,1669,7,16,7565,19,448,224,"Low_Price","Medium"
122,-4630359.879,4630359.88,512,3,1996,3,8,4676,6,515,257.5,"Low_Price","Medium"
123,6226511.037,6226511.04,524,15,1008,3,19,7745,17,539,269.5,"Low_Price","Medium"
124,-897077.4308,897077.43,729,3,1690,4,14,5116,4,732,366,"High_Price","High"
125,-1895818.412,1895818.41,743,16,1757,6,18,4446,13,759,379.5,"High_Price","High"
126,434477.1013,434477.1,638,20,1545,6,19,4729,17,658,329,"High_Price","Medium"
127,5353027.345,5353027.35,752,7,566,5,12,2674,10,759,379.5,"High_Price","High"
128,4919508.613,4919508.61,621,20,969,6,8,4938,3,641,320.5,"High_Price","Medium"
129,-592252.564,592252.56,560,4,1602,6,16,4039,9,564,282,"High_Price","Medium"
130,1420278.409,1420278.41,573,6,1601,7,13,7562,7,579,289.5,"High_Price","Medium"
131,2704495.198,2704495.2,502,8,1236,6,6,4235,12,510,255,"Low_Price","Medium"
132,6538880.475,6538880.48,404,16,726,2,7,5769,6,420,210,"Low_Price","Medium"
133,4654897.897,4654897.9,620,1,1065,7,18,5664,12,621,310.5,"High_Price","Medium"
134,6470746.393,6470746.39,432,1,558,4,2,4676,18,433,216.5,"Low_Price","Medium"
135,5941571.778,5941571.78,458,3,806,7,19,5389,19,461,230.5,"Low_Price","Medium"
136,101818.9387,101818.94,499,9,1697,3,11,6965,13,508,254,"Low_Price","Medium"
137,-506634.304,506634.3,760,13,1519,2,17,2755,4,773,386.5,"High_Price","High"
138,6347679.84,6347679.84,463,15,808,7,6,6011,11,478,239,"Low_Price","Medium"
139,3413469.23,3413469.23,348,20,1211,7,9,5039,14,368,184,"Low_Price","Low"
140,-2475345.075,2475345.08,648,11,1878,7,4,5860,4,659,329.5,"High_Price","Medium"
141,7889344.478,7889344.48,639,9,617,3,19,7490,5,648,324,"High_Price","Medium"
142,4250844.097,4250844.1,324,7,1025,1,2,4524,6,331,165.5,"Low_Price","Low"
143,-3977373.451,3977373.45,625,2,1892,3,6,3618,13,627,313.5,"High_Price","Medium"
144,5193399.462,5193399.46,742,14,857,5,6,4422,8,756,378,"High_Price","High"
145,6316099.952,6316099.95,342,18,565,5,15,4274,11,360,180,"Low_Price","Low"
146,6623086.491,6623086.49,482,8,649,1,11,5467,17,490,245,"Low_Price","Medium"
147,2939785.676,2939785.68,445,17,1463,2,6,7920,12,462,231,"Low_Price","Medium"
148,6525335.111,6525335.11,597,5,801,6,19,6386,9,602,301,"High_Price","Medium"
149,-2249648.12,2249648.12,337,10,1847,3,18,5697,5,347,173.5,"Low_Price","Low"
150,-746228.7586,746228.76,427,6,1810,3,11,7652,16,433,216.5,"Low_Price","Medium"
151,1982123.677,1982123.68,516,0,1292,1,18,3860,16,516,258,"Low_Price","Medium"
152,6690768.505,6690768.51,700,20,812,6,5,6623,7,720,360,"High_Price","Medium"
153,-547625.8223,547625.82,639,5,1724,6,18,6322,8,644,322,"High_Price","Medium"
154,5679315.441,5679315.44,364,16,1012,4,2,6790,11,380,190,"Low_Price","Low"
155,-2199927.927,2199927.93,484,10,1803,5,18,4874,11,494,247,"Low_Price","Medium"
156,4016846.027,4016846.03,535,4,1221,7,9,6395,12,539,269.5,"Low_Price","Medium"
157,4914248.932,4914248.93,468,10,667,5,13,2477,20,478,239,"Low_Price","Medium"
158,-4264406.599,4264406.6,734,18,1874,6,19,2544,18,752,376,"High_Price","High"
159,6084203.169,6084203.17,677,14,783,7,4,5344,15,691,345.5,"High_Price","Medium"
160,3949913.044,3949913.04,681,2,1310,3,6,7553,16,683,341.5,"High_Price","Medium"
161,7887999.317,7887999.32,516,16,510,6,8,6775,17,532,266,"Low_Price","Medium"
162,4862244.598,4862244.6,543,3,1124,6,17,6707,16,546,273,"Low_Price","Medium"
163,-1015286.811,1015286.81,570,1,1845,6,8,7880,19,571,285.5,"High_Price","Medium"
164,-5193297.67,5193297.67,526,3,1940,1,4,2492,4,529,264.5,"Low_Price","Medium"
165,-5618743.399,5618743.4,734,3,1965,6,12,2206,8,737,368.5,"High_Price","High"
166,-298136.385,298136.39,437,0,1632,6,12,5132,3,437,218.5,"Low_Price","Medium"
167,2761167.322,2761167.32,394,14,1309,1,11,5341,16,408,204,"Low_Price","Low"
168,5167775.131,5167775.13,556,18,885,3,2,4618,7,574,287,"High_Price","Medium"
169,826684.0781,826684.08,743,4,1342,3,10,2451,10,747,373.5,"High_Price","High"
170,6056266.372,6056266.37,572,2,932,7,15,6740,16,574,287,"High_Price","Medium"
171,-4695304.547,4695304.55,654,2,1975,3,14,4115,6,656,328,"High_Price","Medium"
172,2614334.624,2614334.62,481,18,1084,3,19,2153,5,499,249.5,"Low_Price","Medium"
173,2283363.913,2283363.91,602,0,1503,6,16,7507,19,602,301,"High_Price","Medium"
174,5076547.504,5076547.5,610,13,1058,2,3,6275,15,623,311.5,"High_Price","Medium"
175,3161109.23,3161109.23,570,8,1350,1,4,6696,11,578,289,"High_Price","Medium"
176,6936081.783,6936081.78,558,0,710,7,15,6438,20,558,279,"High_Price","Medium"
177,3274015.361,3274015.36,756,11,1314,6,18,6285,18,767,383.5,"High_Price","High"
178,4455023.525,4455023.53,752,16,956,2,17,4067,16,768,384,"High_Price","High"
179,5438020.424,5438020.42,610,7,1010,1,17,6478,6,617,308.5,"High_Price","Medium"
180,4010281.864,4010281.86,681,0,986,5,11,3705,4,681,340.5,"High_Price","Medium"
181,4458394.637,4458394.64,494,18,1074,7,7,5255,3,512,256,"Low_Price","Medium"
182,4727701.916,4727701.92,645,18,960,5,6,4527,16,663,331.5,"High_Price","Medium"
183,6474906.013,6474906.01,306,19,628,6,12,4896,20,325,162.5,"Low_Price","Low"
184,3315423.728,3315423.73,406,19,1064,3,18,3150,18,425,212.5,"Low_Price","Medium"
185,5666987.645,5666987.65,489,17,916,3,14,5807,11,506,253,"Low_Price","Medium"
186,8194401.619,8194401.62,477,17,621,5,18,7951,7,494,247,"Low_Price","Medium"
187,4629336.22,4629336.22,422,17,782,1,14,2810,15,439,219.5,"Low_Price","Medium"
188,3266121.452,3266121.45,416,20,1111,6,13,3562,6,436,218,"Low_Price","Medium"
189,3310467.286,3310467.29,330,18,1323,1,8,6481,9,348,174,"Low_Price","Low"
190,-1350741.064,1350741.06,338,13,1836,7,20,6991,3,351,175.5,"Low_Price","Low"
191,5687536.696,5687536.7,456,18,1106,6,5,7806,20,474,237,"Low_Price","Medium"
192,3845513.456,3845513.46,782,4,1173,7,17,5476,18,786,393,"High_Price","High"
193,77983.151,77983.15,660,8,1490,4,2,3326,14,668,334,"High_Price","Medium"
194,-789251.751,789251.75,740,10,1681,3,16,5088,4,750,375,"High_Price","High"
195,-2406775.862,2406775.86,669,20,1905,1,14,6541,6,689,344.5,"High_Price","Medium"
196,2458717.763,2458717.76,443,15,1474,2,6,7262,9,458,229,"Low_Price","Medium"
197,5209000.112,5209000.11,309,13,1168,1,3,7824,15,322,161,"Low_Price","Low"
198,4150883.939,4150883.94,414,5,848,5,4,2575,11,419,209.5,"Low_Price","Medium"
199,-4488614.308,4488614.31,487,12,1922,4,20,3241,4,499,249.5,"Low_Price","Medium"
200,4202927.798,4202927.8,384,18,1002,3,11,4055,19,402,201,"Low_Price","Low"
201,3809176.763,3809176.76,791,11,995,4,15,3350,3,802,401,"High_Price","High"
202,-4330968.583,4330968.58,461,19,1929,5,3,3579,7,480,240,"Low_Price","Medium"
203,-4153948.077,4153948.08,517,0,1994,1,18,5533,14,517,258.5,"Low_Price","Medium"
204,4678326.365,4678326.37,563,6,978,1,7,4798,8,569,284.5,"High_Price","Medium"
205,-2748634.115,2748634.12,437,13,1904,5,14,5925,6,450,225,"Low_Price","Medium"
206,4359770.545,4359770.55,763,13,910,3,17,3464,16,776,388,"High_Price","High"
207,5520404.505,5520404.51,541,15,875,1,12,5210,10,556,278,"Low_Price","Medium"
208,4310562.119,4310562.12,318,1,790,3,17,2437,16,319,159.5,"Low_Price","Low"
209,5546379.913,5546379.91,317,14,522,6,3,2692,19,331,165.5,"Low_Price","Low"
210,-2339174.174,2339174.17,675,12,1670,2,9,2122,9,687,343.5,"High_Price","Medium"
211,2228188.754,2228188.75,344,14,1151,2,5,2301,13,358,179,"Low_Price","Low"
212,312880.56,312880.56,800,2,1709,4,19,7629,4,802,401,"High_Price","High"
213,4529438.812,4529438.81,753,16,791,7,2,2638,3,769,384.5,"High_Price","High"
214,5987404.167,5987404.17,672,6,923,4,16,6536,11,678,339,"High_Price","Medium"
215,-1108918.688,1108918.69,446,6,1829,1,10,7422,5,452,226,"Low_Price","Medium"
216,6038317.837,6038317.84,390,0,1003,1,13,7528,17,390,195,"Low_Price","Low"
217,1466532.35,1466532.35,567,1,1363,3,19,3931,5,568,284,"High_Price","Medium"
218,6153832.744,6153832.74,314,1,793,6,8,5692,13,315,157.5,"Low_Price","Low"
219,3771291.821,3771291.82,438,6,1357,4,20,7868,11,444,222,"Low_Price","Medium"
220,6382928.687,6382928.69,746,15,543,6,15,4290,9,761,380.5,"High_Price","High"
221,7469124.151,7469124.15,701,12,544,4,16,6279,10,713,356.5,"High_Price","High"
222,8296101.558,8296101.56,439,20,515,2,12,7554,3,459,229.5,"Low_Price","Medium"
223,2591558.169,2591558.17,392,2,1193,6,18,3539,14,394,197,"Low_Price","Low"
224,1259423.088,1259423.09,365,18,1384,2,9,3710,16,383,191.5,"Low_Price","Low"
225,6799619.421,6799619.42,301,14,851,3,2,7241,14,315,157.5,"Low_Price","Low"
226,-1976854.601,1976854.6,740,14,1833,3,9,5851,12,754,377,"High_Price","High"
227,-2175037.557,2175037.56,528,8,1769,3,4,4296,8,536,268,"Low_Price","Medium"
228,2282817.531,2282817.53,419,8,1420,1,16,6184,16,427,213.5,"Low_Price","Medium"
229,4423554.323,4423554.32,547,16,1028,1,18,4786,4,563,281.5,"Low_Price","Medium"
230,2941731.934,2941731.93,755,7,1354,1,19,6375,19,762,381,"High_Price","High"
231,-4646108.09,4646108.09,778,15,1892,2,13,2323,11,793,396.5,"High_Price","High"
232,4729112.063,4729112.06,454,6,1024,5,18,5316,18,460,230,"Low_Price","Medium"
233,1656017.998,1656018,606,6,1324,7,9,3584,19,612,306,"High_Price","Medium"
234,5977500.775,5977500.78,689,7,553,5,7,3702,19,696,348,"High_Price","Medium"
235,4747695.678,4747695.68,343,16,925,5,10,4237,17,359,179.5,"Low_Price","Low"
236,1588917.601,1588917.6,301,9,1323,4,8,3463,17,310,155,"Low_Price","Low"
237,-5764156.443,5764156.44,787,13,1987,3,8,2359,18,800,400,"High_Price","High"
238,315767.3991,315767.4,403,19,1423,4,12,2589,18,422,211,"Low_Price","Medium"
239,-4053405.784,4053405.78,434,0,1835,7,3,2288,7,434,217,"Low_Price","Medium"
240,346750.4601,346750.46,726,5,1568,5,8,5125,3,731,365.5,"High_Price","High"
241,-2301350.854,2301350.85,434,6,1783,2,13,4376,14,440,220,"Low_Price","Medium"
242,-1477579.824,1477579.82,434,16,1655,1,19,3352,19,450,225,"Low_Price","Medium"
243,-284262.8732,284262.87,768,2,1648,6,11,5414,13,770,385,"High_Price","High"
244,3370726.635,3370726.64,648,6,1233,2,17,5456,13,654,327,"High_Price","Medium"
245,4101728.754,4101728.75,355,0,1033,1,13,4422,4,355,177.5,"Low_Price","Low"
246,3917116.754,3917116.75,725,11,1198,5,14,5885,8,736,368,"High_Price","High"
247,5144662.864,5144662.86,607,3,684,5,2,3065,20,610,305,"High_Price","Medium"
248,4617289.486,4617289.49,456,3,997,3,4,4884,13,459,229.5,"Low_Price","Medium"
249,-3044076.363,3044076.36,694,16,1820,7,3,3618,15,710,355,"High_Price","Medium"
250,-574793.9164,574793.92,473,0,1696,4,14,5820,15,473,236.5,"Low_Price","Medium"
251,3894613.616,3894613.62,571,20,1064,3,2,4160,20,591,295.5,"High_Price","Medium"
252,-4378310.84,4378310.84,641,9,1931,2,7,3664,20,650,325,"High_Price","Medium"
253,7083436.608,7083436.61,480,17,674,7,8,6292,5,497,248.5,"Low_Price","Medium"
254,-3208991.367,3208991.37,621,9,1968,1,17,6558,11,630,315,"High_Price","Medium"
255,-872980.8364,872980.84,736,16,1750,7,3,6105,16,752,376,"High_Price","High"
256,632300.7834,632300.78,684,12,1691,3,20,7777,6,696,348,"High_Price","Medium"
257,2924098.468,2924098.47,332,15,1314,3,4,5670,5,347,173.5,"Low_Price","Low"
258,-167282.9191,167282.92,734,14,1667,2,6,5900,13,748,374,"High_Price","High"
259,4046563.144,4046563.14,473,3,1285,6,2,7328,11,476,238,"Low_Price","Medium"
260,6054538.331,6054538.33,745,10,559,6,20,3843,9,755,377.5,"High_Price","High"
261,4878390.086,4878390.09,601,11,940,6,7,4648,17,612,306,"High_Price","Medium"
262,1026135.262,1026135.26,583,0,1613,5,15,7152,16,583,291.5,"High_Price","Medium"
263,-2140535.461,2140535.46,466,5,1910,7,14,7171,18,471,235.5,"Low_Price","Medium"
264,4554972.488,4554972.49,784,3,1258,1,18,7930,20,787,393.5,"High_Price","High"
265,7542359.578,7542359.58,313,19,576,5,6,6505,4,332,166,"Low_Price","Low"
266,3695832.809,3695832.81,499,10,1173,6,14,5163,19,509,254.5,"Low_Price","Medium"
267,4766653.219,4766653.22,307,17,1105,5,19,6191,17,324,162,"Low_Price","Low"
268,3723676.813,3723676.81,539,8,1252,2,12,6308,20,547,273.5,"Low_Price","Medium"
269,-4148695.193,4148695.19,431,17,1964,6,4,4651,14,448,224,"Low_Price","Medium"
270,-1635021.972,1635021.97,406,14,1722,2,20,4324,5,420,210,"Low_Price","Medium"
271,897776.2728,897776.27,728,10,1645,6,15,7389,5,738,369,"High_Price","High"
272,-2404237.741,2404237.74,381,14,1784,5,5,4094,11,395,197.5,"Low_Price","Low"
273,6250603.313,6250603.31,402,3,652,3,13,4849,16,405,202.5,"Low_Price","Medium"
274,3138294.935,3138294.94,563,8,1123,1,7,3647,17,571,285.5,"High_Price","Medium"
275,4516284.312,4516284.31,668,13,792,1,11,2733,7,681,340.5,"High_Price","Medium"
276,6002651.7,6002651.7,367,3,648,1,12,4410,15,370,185,"Low_Price","Low"
277,4507694.468,4507694.47,480,6,702,7,15,2017,11,486,243,"Low_Price","Medium"
278,-3166847.97,3166847.97,759,9,1784,7,14,2770,5,768,384,"High_Price","High"
279,1607118.767,1607118.77,587,3,1231,1,10,2338,13,590,295,"High_Price","Medium"
280,315842.012,315842.01,320,7,1718,3,17,7753,20,327,163.5,"Low_Price","Low"
281,-1699927.392,1699927.39,584,1,1682,7,12,3517,10,585,292.5,"High_Price","Medium"
282,-4413949.653,4413949.65,505,0,1851,4,13,2012,12,505,252.5,"Low_Price","Medium"
283,4134521.944,4134521.94,799,7,1005,6,20,4047,3,806,403,"High_Price","High"
284,-2128215.208,2128215.21,753,11,1666,6,7,2381,6,764,382,"High_Price","High"
285,6696499.878,6696499.88,439,15,930,5,14,7761,12,454,227,"Low_Price","Medium"
286,6006938.589,6006938.59,466,19,664,1,11,4368,16,485,242.5,"Low_Price","Medium"
287,5109818.783,5109818.78,484,8,988,6,11,5580,11,492,246,"Low_Price","Medium"
288,1051194.85,1051194.85,800,4,1344,3,13,2884,5,804,402,"High_Price","High"
289,3751093.002,3751093,424,19,1205,6,20,5597,4,443,221.5,"Low_Price","Medium"
290,2114951.583,2114951.58,602,6,1248,4,8,3392,16,608,304,"High_Price","Medium"
291,3537793.996,3537794,697,6,1183,5,6,5068,5,703,351.5,"High_Price","Medium"
292,3219978.782,3219978.78,372,3,974,7,15,2116,13,375,187.5,"Low_Price","Low"
293,2986964.5,2986964.5,504,2,1087,5,9,2962,17,506,253,"Low_Price","Medium"
294,-1192848.608,1192848.61,394,8,1825,6,11,7096,18,402,201,"Low_Price","Low"
295,3077590.283,3077590.28,317,3,1344,5,12,6466,3,320,160,"Low_Price","Low"
296,3578502.989,3578502.99,425,17,1008,3,15,3034,3,442,221,"Low_Price","Medium"
297,2165627.424,2165627.42,777,8,1275,1,2,3875,4,785,392.5,"High_Price","High"
298,4962973.683,4962973.68,739,8,1035,6,9,5816,15,747,373.5,"High_Price","High"
299,6753478.95,6753478.95,315,2,889,1,13,7651,14,317,158.5,"Low_Price","Low"
300,5110711.634,5110711.63,492,5,1002,1,11,5824,12,497,248.5,"Low_Price","Medium"
301,31352.7131,31352.71,706,9,1670,6,5,6300,14,715,357.5,"High_Price","High"
302,533981.2716,533981.27,616,15,1583,3,17,5641,13,631,315.5,"High_Price","Medium"
303,608059.8287,608059.83,362,7,1663,7,4,7199,18,369,184.5,"Low_Price","Low"
304,4188114.215,4188114.22,796,11,805,7,2,2192,6,807,403.5,"High_Price","High"
305,5967344.531,5967344.53,693,4,854,5,8,5864,12,697,348.5,"High_Price","Medium"
306,6948896.992,6948896.99,320,15,578,6,12,5483,12,335,167.5,"Low_Price","Low"
307,2560753.175,2560753.18,352,0,1414,5,20,6623,3,352,176,"Low_Price","Low"
308,-4615773.157,4615773.16,495,4,1988,1,5,4531,20,499,249.5,"Low_Price","Medium"
309,-1761127.14,1761127.14,537,14,1817,3,17,5922,7,551,275.5,"Low_Price","Medium"
310,2582755.425,2582755.43,333,13,1336,7,15,5338,17,346,173,"Low_Price","Low"
311,2501972.915,2501972.92,722,2,1447,5,9,6999,9,724,362,"High_Price","High"
312,905244.6546,905244.65,333,13,1462,1,7,4350,4,346,173,"Low_Price","Low"
313,7631342.404,7631342.4,755,1,528,7,13,6551,8,756,378,"High_Price","High"
314,3931366.44,3931366.44,800,18,949,2,6,3054,3,818,409,"High_Price","High"
315,6402120.109,6402120.11,644,4,845,3,3,6583,10,648,324,"High_Price","Medium"
316,813121.6951,813121.7,426,1,1334,6,5,2293,17,427,213.5,"Low_Price","Medium"
317,5543670.61,5543670.61,348,16,922,7,17,5609,3,364,182,"Low_Price","Low"
318,5014425.452,5014425.45,583,13,733,4,16,3111,17,596,298,"High_Price","Medium"
319,4133962.976,4133962.98,749,10,1055,6,17,4559,3,759,379.5,"High_Price","High"
320,3812095.637,3812095.64,716,19,1328,5,17,7388,4,735,367.5,"High_Price","High"
321,2011299.282,2011299.28,657,11,1546,3,6,7668,13,668,334,"High_Price","Medium"
322,4516762.166,4516762.17,327,8,1238,6,5,7482,8,335,167.5,"Low_Price","Low"
323,2516888.388,2516888.39,532,20,1242,5,5,3879,14,552,276,"Low_Price","Medium"
324,69308.89675,69308.9,705,4,1675,6,15,6521,3,709,354.5,"High_Price","High"
325,1774054.987,1774054.99,798,20,1426,6,14,5194,12,818,409,"High_Price","High"
326,2843730.527,2843730.53,735,8,1260,6,18,4816,3,743,371.5,"High_Price","High"
327,-1386262.243,1386262.24,453,0,1813,4,16,6629,9,453,226.5,"Low_Price","Medium"
328,-1028401.848,1028401.85,657,6,1785,5,16,6637,13,663,331.5,"High_Price","Medium"
329,-4493486.038,4493486.04,446,5,1912,7,20,3038,18,451,225.5,"Low_Price","Medium"
330,3798818.16,3798818.16,737,12,1092,5,4,4359,20,749,374.5,"High_Price","High"
331,5741726.419,5741726.42,510,4,919,4,16,6085,6,514,257,"Low_Price","Medium"
332,-771485.8953,771485.9,722,15,1578,5,11,3205,16,737,368.5,"High_Price","High"
333,7638031.335,7638031.34,533,13,556,5,16,6617,14,546,273,"Low_Price","Medium"
334,2347935.654,2347935.65,744,8,1484,6,19,7248,5,752,376,"High_Price","High"
335,5948928.444,5948928.44,481,14,570,3,15,3721,3,495,247.5,"Low_Price","Medium"
336,1876080.768,1876080.77,406,16,1354,1,6,4393,16,422,211,"Low_Price","Medium"
337,4633706.163,4633706.16,558,0,847,6,11,3458,17,558,279,"High_Price","Medium"
338,482023.7586,482023.76,573,1,1385,2,8,2514,9,574,287,"High_Price","Medium"
339,4064719.116,4064719.12,760,19,1171,2,6,5766,9,779,389.5,"High_Price","High"
340,-1467263.911,1467263.91,351,15,1827,7,8,6566,19,366,183,"Low_Price","Low"
341,2064951.16,2064951.16,633,9,1465,3,11,6457,20,642,321,"High_Price","Medium"
342,4187958.909,4187958.91,466,0,913,4,17,3305,11,466,233,"Low_Price","Medium"
343,2699802.727,2699802.73,705,3,1232,4,11,4257,6,708,354,"High_Price","High"
344,5912548.162,5912548.16,731,13,619,7,11,3898,3,744,372,"High_Price","High"
345,-1855440.67,1855440.67,389,20,1661,7,12,2681,3,409,204.5,"Low_Price","Low"
346,4285810.963,4285810.96,769,15,846,5,9,2703,11,784,392,"High_Price","High"
347,1480248.834,1480248.83,788,1,1617,7,7,7992,11,789,394.5,"High_Price","High"
348,4284463.901,4284463.9,649,16,843,6,18,2650,18,665,332.5,"High_Price","Medium"
349,6436107.22,6436107.22,496,9,785,6,15,6049,18,505,252.5,"Low_Price","Medium"
350,6474239.996,6474240,308,5,522,4,11,4470,3,313,156.5,"Low_Price","Low"
351,-5476756.221,5476756.22,551,7,1966,1,19,2507,13,558,279,"Low_Price","Medium"
352,5364942.403,5364942.4,747,16,1101,1,10,7268,14,763,381.5,"High_Price","High"
353,4249415.231,4249415.23,556,15,875,4,5,2908,12,571,285.5,"High_Price","Medium"
354,-3419220.281,3419220.28,570,6,1939,7,18,5516,5,576,288,"High_Price","Medium"
355,3941396.06,3941396.06,663,13,1175,6,17,5604,10,676,338,"High_Price","Medium"
356,1220958.722,1220958.72,361,10,1630,1,4,7751,13,371,185.5,"Low_Price","Low"
357,4413652.693,4413652.69,695,20,905,7,16,3393,15,715,357.5,"High_Price","Medium"
358,5365461.941,5365461.94,671,1,1001,1,9,6302,15,672,336,"High_Price","Medium"
359,5141592.92,5141592.92,685,20,1089,7,7,6610,17,705,352.5,"High_Price","Medium"
360,8053092.819,8053092.82,307,3,583,2,2,7635,15,310,155,"Low_Price","Low"
361,8077903.877,8077903.88,798,10,614,4,7,7768,17,808,404,"High_Price","High"
362,4672541.73,4672541.73,800,13,1245,6,6,7800,13,813,406.5,"High_Price","High"
363,-745768.2929,745768.29,483,15,1648,1,9,4535,13,498,249,"Low_Price","Medium"
364,3506492.125,3506492.13,489,19,957,2,3,2355,20,508,254,"Low_Price","Medium"
365,1596086.293,1596086.29,402,3,1504,7,13,6268,7,405,202.5,"Low_Price","Medium"
366,6242616.643,6242616.64,621,4,825,1,2,6152,12,625,312.5,"High_Price","Medium"
367,-4711391.885,4711391.89,604,19,1969,7,15,3737,9,623,311.5,"High_Price","Medium"
368,7365728.579,7365728.58,573,17,695,7,15,6931,18,590,295,"High_Price","Medium"
369,-3523956.616,3523956.62,481,5,1960,1,12,5866,7,486,243,"Low_Price","Medium"
370,2528528.266,2528528.27,508,16,1393,6,4,6068,7,524,262,"Low_Price","Medium"
371,7678422.453,7678422.45,739,13,738,3,17,7890,20,752,376,"High_Price","High"
372,5247265.516,5247265.52,656,3,896,5,4,4981,5,659,329.5,"High_Price","Medium"
373,1890137.497,1890137.5,568,8,1558,5,19,7660,17,576,288,"High_Price","Medium"
374,-4904535.401,4904535.4,436,19,1941,6,17,2803,14,455,227.5,"Low_Price","Medium"
375,132757.4789,132757.48,414,0,1661,2,7,6460,14,414,207,"Low_Price","Medium"
376,-414676.7589,414676.76,323,16,1781,5,14,7559,4,339,169.5,"Low_Price","Low"
377,-1449507.782,1449507.78,595,11,1682,6,14,3879,9,606,303,"High_Price","Medium"
378,428278.4937,428278.49,662,5,1472,6,5,3667,9,667,333.5,"High_Price","Medium"
379,-3935491.517,3935491.52,706,19,1847,6,20,2579,5,725,362.5,"High_Price","High"
380,3553451.932,3553451.93,561,2,1220,5,10,5608,10,563,281.5,"High_Price","Medium"
381,-1224418.436,1224418.44,503,16,1756,7,11,5607,7,519,259.5,"Low_Price","Medium"
382,6848201.317,6848201.32,631,0,901,1,12,7957,6,631,315.5,"High_Price","Medium"
383,4927631.675,4927631.68,563,3,1013,2,16,5621,16,566,283,"High_Price","Medium"
384,770704.027,770704.03,557,8,1504,5,4,4773,11,565,282.5,"High_Price","Medium"
385,4049106.101,4049106.1,682,2,1294,4,2,7494,11,684,342,"High_Price","Medium"
386,4488345.597,4488345.6,590,18,993,2,9,4492,4,608,304,"High_Price","Medium"
387,5572463.444,5572463.44,681,5,509,1,16,2843,8,686,343,"High_Price","Medium"
388,-518278.7102,518278.71,685,1,1726,7,17,6435,11,686,343,"High_Price","Medium"
389,-1795803.578,1795803.58,753,8,1610,2,12,2058,5,761,380.5,"High_Price","High"
390,92939.5838,92939.58,788,2,1535,5,7,4145,6,790,395,"High_Price","High"
391,7146717.028,7146717.03,743,1,847,3,7,7955,9,744,372,"High_Price","High"
392,614394.7197,614394.72,359,19,1689,7,3,7578,9,378,189,"Low_Price","Low"
393,1251052.425,1251052.43,563,15,1458,6,8,4806,15,578,289,"High_Price","Medium"
394,7908104.266,7908104.27,382,11,646,5,11,7656,5,393,196.5,"Low_Price","Low"
395,-1289648.392,1289648.39,732,3,1704,1,20,4715,12,735,367.5,"High_Price","High"
396,-2146557.971,2146557.97,707,18,1941,1,20,7778,14,725,362.5,"High_Price","High"
397,2974359.666,2974359.67,571,14,1397,7,20,6923,19,585,292.5,"High_Price","Medium"
398,4472521.096,4472521.1,771,7,941,1,12,4044,19,778,389,"High_Price","High"
399,2114229.409,2114229.41,403,12,1556,6,17,7980,6,415,207.5,"Low_Price","Medium"
400,106166.126,106166.13,560,3,1736,2,16,7775,17,563,281.5,"High_Price","Medium"
401,6524076.711,6524076.71,638,5,534,4,14,4618,7,643,321.5,"High_Price","Medium"
402,5460519.492,5460519.49,405,0,525,7,11,2692,6,405,202.5,"Low_Price","Medium"
403,7197770.612,7197770.61,531,9,717,4,4,6913,4,540,270,"Low_Price","Medium"
404,3456966.296,3456966.3,593,3,1142,4,15,4454,17,596,298,"High_Price","Medium"
405,1957451.479,1957451.48,762,11,1467,4,20,6275,13,773,386.5,"High_Price","High"
406,8028636.291,8028636.29,608,5,619,3,11,7780,11,613,306.5,"High_Price","Medium"
407,5950695.579,5950695.58,740,10,644,6,5,4161,5,750,375,"High_Price","High"
408,4743129.262,4743129.26,635,20,1074,3,16,5796,8,655,327.5,"High_Price","Medium"
409,3314175.49,3314175.49,622,1,940,3,18,2023,6,623,311.5,"High_Price","Medium"
410,5283534.05,5283534.05,652,2,1066,2,4,6848,5,654,327,"High_Price","Medium"
411,5421417.002,5421417,320,1,897,3,10,5337,20,321,160.5,"Low_Price","Low"
412,5457184.561,5457184.56,449,9,1027,3,6,6639,11,458,229,"Low_Price","Medium"
413,-3677258.158,3677258.16,753,9,1942,7,5,5076,18,762,381,"High_Price","High"
414,753797.1924,753797.19,624,18,1673,5,2,7572,4,642,321,"High_Price","Medium"
415,3889796.393,3889796.39,684,10,1108,5,12,4744,3,694,347,"High_Price","Medium"
416,-3010188.13,3010188.13,622,0,1901,6,13,5511,6,622,311,"High_Price","Medium"
417,476571.3208,476571.32,545,2,1476,4,8,3877,6,547,273.5,"Low_Price","Medium"
418,5880232.997,5880233,379,17,511,1,20,3277,19,396,198,"Low_Price","Low"
419,-169965.2478,169965.25,372,7,1734,5,16,7176,6,379,189.5,"Low_Price","Low"
420,2175119.381,2175119.38,564,8,1501,2,10,7265,6,572,286,"High_Price","Medium"
421,-993361.419,993361.42,660,5,1750,2,20,6074,14,665,332.5,"High_Price","Medium"
422,5874394.846,5874394.85,582,0,916,4,3,6319,14,582,291,"High_Price","Medium"
423,3514408.098,3514408.1,543,5,1143,7,11,4511,11,548,274,"Low_Price","Medium"
424,5604094.454,5604094.45,399,18,859,3,14,5162,8,417,208.5,"Low_Price","Low"
425,-4829464.945,4829464.95,352,14,1918,1,10,2569,3,366,183,"Low_Price","Low"
426,5331432.861,5331432.86,671,5,690,4,12,3448,6,676,338,"High_Price","Medium"
427,4897193.743,4897193.74,328,11,607,3,8,2080,20,339,169.5,"Low_Price","Low"
428,-46408.7747,46408.77,478,16,1511,7,9,3329,19,494,247,"Low_Price","Medium"
429,-3751303.519,3751303.52,660,16,1882,6,2,3629,20,676,338,"High_Price","Medium"
430,5018740.528,5018740.53,784,16,871,2,13,4263,7,800,400,"High_Price","High"
431,-2461899.809,2461899.81,545,0,1930,7,5,7073,11,545,272.5,"Low_Price","Medium"
432,156500.2913,156500.29,775,6,1512,6,6,3817,15,781,390.5,"High_Price","High"
433,6924691.584,6924691.58,399,8,718,6,11,6419,7,407,203.5,"Low_Price","Low"
434,548110.4495,548110.45,307,18,1490,4,9,4076,5,325,162.5,"Low_Price","Low"
435,4210389.848,4210389.85,395,10,1300,1,12,7834,7,405,202.5,"Low_Price","Low"
436,4130851.82,4130851.82,433,17,1248,2,11,6891,20,450,225,"Low_Price","Medium"
437,6202454.638,6202454.64,354,1,666,4,5,4862,12,355,177.5,"Low_Price","Low"
438,4986629.62,4986629.62,496,5,905,4,20,4595,16,501,250.5,"Low_Price","Medium"
439,4894099.911,4894099.91,419,10,1053,6,3,5879,4,429,214.5,"Low_Price","Medium"
440,5736359.796,5736359.8,560,18,852,5,15,5301,17,578,289,"High_Price","Medium"
441,4719214.086,4719214.09,475,0,746,1,13,2850,18,475,237.5,"Low_Price","Medium"
442,-3048072.748,3048072.75,720,14,1807,5,20,3409,12,734,367,"High_Price","High"
443,5149505.384,5149505.38,744,1,630,4,15,2766,9,745,372.5,"High_Price","High"
444,1400818.832,1400818.83,520,6,1581,6,6,7194,4,526,263,"Low_Price","Medium"
445,1917601.542,1917601.54,331,10,1364,3,4,4640,19,341,170.5,"Low_Price","Low"
446,-1384474.878,1384474.88,309,11,1639,5,9,3224,13,320,160,"Low_Price","Low"
447,6962272.177,6962272.18,546,0,718,6,14,6566,7,546,273,"Low_Price","Medium"
448,6204647.548,6204647.55,532,0,843,3,20,6265,7,532,266,"Low_Price","Medium"
449,-978682.7924,978682.79,776,19,1628,2,7,3707,20,795,397.5,"High_Price","High"
450,6078118.728,6078118.73,606,6,664,2,17,4607,17,612,306,"High_Price","Medium"
451,-4294874.003,4294874,620,4,1973,1,11,4777,20,624,312,"High_Price","Medium"
452,222136.5575,222136.56,587,2,1625,6,19,5902,19,589,294.5,"High_Price","Medium"
453,3436001.288,3436001.29,321,2,1014,1,11,3014,4,323,161.5,"Low_Price","Low"
454,-2150162.105,2150162.11,333,1,1897,4,6,6957,20,334,167,"Low_Price","Low"
455,3353431.03,3353431.03,726,0,1405,6,16,7870,13,726,363,"High_Price","High"
456,-1581182.982,1581182.98,743,1,1691,2,12,3960,11,744,372,"High_Price","High"
457,5921289.484,5921289.48,344,3,572,6,14,3744,9,347,173.5,"Low_Price","Low"
458,-1772435.847,1772435.85,421,4,1775,1,20,5195,15,425,212.5,"Low_Price","Medium"
459,7943278.995,7943279,667,10,631,7,8,7600,10,677,338.5,"High_Price","Medium"
460,4055858.057,4055858.06,757,8,854,7,8,2404,12,765,382.5,"High_Price","High"
461,-1786153.362,1786153.36,480,17,1699,6,13,3535,12,497,248.5,"Low_Price","Medium"
462,-4426728.41,4426728.41,641,20,1997,2,17,4907,15,661,330.5,"High_Price","Medium"
463,4346902.198,4346902.2,384,6,1067,1,15,5173,8,390,195,"Low_Price","Low"
464,3558133.235,3558133.24,648,7,1042,3,20,3461,6,655,327.5,"High_Price","Medium"
465,5287408.879,5287408.88,655,17,1132,7,19,7412,14,672,336,"High_Price","Medium"
466,2590933.167,2590933.17,609,11,1501,5,4,7923,16,620,310,"High_Price","Medium"
467,5424067.026,5424067.03,582,5,769,2,18,4227,8,587,293.5,"High_Price","Medium"
468,7157506.749,7157506.75,677,8,773,7,12,7228,19,685,342.5,"High_Price","Medium"
469,-2896442.786,2896442.79,577,15,1754,7,10,2604,13,592,296,"High_Price","Medium"
470,-515046.9926,515046.99,324,3,1795,4,15,7782,19,327,163.5,"Low_Price","Low"
471,5457754.497,5457754.5,420,20,653,1,18,3315,15,440,220,"Low_Price","Medium"
472,5206520.007,5206520.01,305,11,839,6,14,4298,18,316,158,"Low_Price","Low"
473,1127891.241,1127891.24,430,19,1426,2,12,4113,7,449,224.5,"Low_Price","Medium"
474,6306940.999,6306941,644,16,532,7,2,4063,16,660,330,"High_Price","Medium"
475,6326540.688,6326540.69,732,2,841,6,12,6391,18,734,367,"High_Price","High"
476,3353798.886,3353798.89,593,8,1288,1,8,6163,8,601,300.5,"High_Price","Medium"
477,-384022.6935,384022.69,790,13,1795,3,2,7929,14,803,401.5,"High_Price","High"
478,8079137.59,8079137.59,748,6,559,6,2,7469,8,754,377,"High_Price","High"
479,-1911815.814,1911815.81,327,14,1659,4,10,2634,11,341,170.5,"Low_Price","Low"
480,-4417479.243,4417479.24,453,12,1991,5,13,4833,5,465,232.5,"Low_Price","Medium"
481,-1272377.809,1272377.81,482,0,1650,1,15,3779,20,482,241,"Low_Price","Medium"
482,1791580.674,1791580.67,462,12,1341,7,12,4011,20,474,237,"Low_Price","Medium"
483,2740923.125,2740923.13,596,20,1428,1,11,7014,4,616,308,"High_Price","Medium"
484,6574945.928,6574945.93,513,11,627,6,19,5156,8,524,262,"Low_Price","Medium"
485,420100.9965,420101,727,20,1640,2,4,6404,7,747,373.5,"High_Price","High"
486,3785173.99,3785173.99,474,12,974,7,6,3031,9,486,243,"Low_Price","Medium"
487,5170790.224,5170790.22,651,4,1003,5,9,5893,16,655,327.5,"High_Price","Medium"
488,333586.2101,333586.21,526,19,1562,1,9,4916,8,545,272.5,"Low_Price","Medium"
489,4572857.977,4572857.98,768,16,908,3,19,3804,6,784,392,"High_Price","High"
490,4542893.475,4542893.48,741,12,1198,3,6,7000,20,753,376.5,"High_Price","High"
491,3584214.171,3584214.17,460,18,1166,2,2,4858,9,478,239,"Low_Price","Medium"
492,7186662.555,7186662.56,615,18,550,7,18,5710,14,633,316.5,"High_Price","Medium"
493,5541367.57,5541367.57,685,7,882,6,13,5317,15,692,346,"High_Price","Medium"
494,5494175.332,5494175.33,709,19,922,2,11,5556,5,728,364,"High_Price","High"
495,-1274919.702,1274919.7,713,20,1867,6,19,7693,14,733,366.5,"High_Price","High"
496,6605077.621,6605077.62,427,0,529,2,14,4815,4,427,213.5,"Low_Price","Medium"
497,3590765.86,3590765.86,715,4,931,5,8,2359,13,719,359.5,"High_Price","High"
498,5141871.904,5141871.9,640,14,737,3,12,3375,10,654,327,"High_Price","Medium"
499,6438644.134,6438644.13,629,16,924,5,8,7232,13,645,322.5,"High_Price","Medium"
500,2261304.203,2261304.2,350,0,1176,7,17,2751,5,350,175,"Low_Price","Low"
501,-1299576.193,1299576.19,472,0,1803,6,14,6549,19,472,236,"Low_Price","Medium"
502,6465567.913,6465567.91,484,5,551,7,17,4564,8,489,244.5,"Low_Price","Medium"
503,3531630.079,3531630.08,710,4,1339,7,6,7149,17,714,357,"High_Price","High"
504,4717661.412,4717661.41,742,16,757,3,20,2751,20,758,379,"High_Price","High"
505,7749084.131,7749084.13,301,16,664,7,6,7411,10,317,158.5,"Low_Price","Low"
506,1959426.659,1959426.66,707,11,1569,3,2,7964,12,718,359,"High_Price","High"
507,4833239.572,4833239.57,457,13,979,2,4,4996,14,470,235,"Low_Price","Medium"
508,3029189.159,3029189.16,340,0,1119,5,9,3438,9,340,170,"Low_Price","Low"
509,-2551263.552,2551263.55,647,1,1775,6,17,3778,9,648,324,"High_Price","Medium"
510,4065097.793,4065097.79,317,4,1270,7,4,7128,17,321,160.5,"Low_Price","Low"
511,4618842.05,4618842.05,537,3,761,3,6,2728,17,540,270,"Low_Price","Medium"
512,5758233.562,5758233.56,520,17,1072,1,19,7636,3,537,268.5,"Low_Price","Medium"
513,3560918.513,3560918.51,443,10,1333,3,5,7121,3,453,226.5,"Low_Price","Medium"
514,3531285.827,3531285.83,420,13,1012,2,16,3038,11,433,216.5,"Low_Price","Medium"
515,2070969.241,2070969.24,397,18,1227,7,7,2880,16,415,207.5,"Low_Price","Low"
516,1461291.171,1461291.17,323,9,1371,3,12,3948,17,332,166,"Low_Price","Low"
517,-3420163.135,3420163.14,330,12,1956,3,2,5868,3,342,171,"Low_Price","Low"
518,5005486.908,5005486.91,658,20,1185,2,7,7597,17,678,339,"High_Price","Medium"
519,2634478.772,2634478.77,490,16,1244,2,17,4197,15,506,253,"Low_Price","Medium"
520,1424206.599,1424206.6,477,8,1259,2,14,2326,13,485,242.5,"Low_Price","Medium"
521,-2465063.409,2465063.41,493,11,1734,6,10,3046,6,504,252,"Low_Price","Medium"
522,648943.6391,648943.64,603,6,1397,7,11,2880,3,609,304.5,"High_Price","Medium"
523,7460368.454,7460368.45,525,6,795,5,7,7995,9,531,265.5,"Low_Price","Medium"
524,5018554.362,5018554.36,394,11,898,6,18,4503,12,405,202.5,"Low_Price","Low"
525,5198175.767,5198175.77,590,19,541,4,7,2164,6,609,304.5,"High_Price","Medium"
526,4086802.107,4086802.11,609,5,1082,2,18,4878,10,614,307,"High_Price","Medium"
527,-2862554.399,2862554.4,312,20,1974,1,14,7191,19,332,166,"Low_Price","Low"
528,-3499196.295,3499196.3,667,16,1947,3,13,5493,14,683,341.5,"High_Price","Medium"
529,3028717.773,3028717.77,602,2,1124,6,11,3457,18,604,302,"High_Price","Medium"
530,7281372.963,7281372.96,402,0,605,2,11,6432,10,402,201,"Low_Price","Medium"
531,3907689.828,3907689.83,376,6,1151,2,8,5368,5,382,191,"Low_Price","Low"
532,-2028539.934,2028539.93,612,2,1646,7,4,2270,6,614,307,"High_Price","Medium"
533,2915071.078,2915071.08,595,16,1211,3,2,4251,3,611,305.5,"High_Price","Medium"
534,-1402694.584,1402694.58,549,15,1604,5,3,2528,19,564,282,"Low_Price","Medium"
535,1946841.89,1946841.89,452,11,1435,3,19,5766,14,463,231.5,"Low_Price","Medium"
536,-5374995.322,5374995.32,702,0,1995,2,15,3368,19,702,351,"High_Price","High"
537,2180660.417,2180660.42,598,17,1402,1,13,5641,16,615,307.5,"High_Price","Medium"
538,4351396.099,4351396.1,707,14,1081,2,13,5239,20,721,360.5,"High_Price","High"
539,4547053.727,4547053.73,683,10,796,6,20,2781,13,693,346.5,"High_Price","Medium"
540,1586451.966,1586451.97,708,15,1428,2,12,4998,4,723,361.5,"High_Price","High"
541,4435468.856,4435468.86,464,18,1041,5,17,4876,4,482,241,"Low_Price","Medium"
542,4490559.821,4490559.82,693,14,1280,7,11,7930,13,707,353.5,"High_Price","Medium"
543,3113553.751,3113553.75,723,8,1332,2,19,6342,15,731,365.5,"High_Price","High"
544,1028872.296,1028872.3,719,17,1346,5,12,2716,11,736,368,"High_Price","High"
545,4786548.123,4786548.12,402,14,1170,7,5,7007,18,416,208,"Low_Price","Medium"
546,2713300.237,2713300.24,324,19,1401,5,18,6507,9,343,171.5,"Low_Price","Low"
547,2197050.284,2197050.28,336,1,1208,2,18,3098,10,337,168.5,"Low_Price","Low"
548,5123125.593,5123125.59,443,9,791,4,3,3799,4,452,226,"Low_Price","Medium"
549,3205660.805,3205660.81,385,17,1159,3,10,4102,5,402,201,"Low_Price","Low"
550,3632791.826,3632791.83,675,1,993,4,19,3114,5,676,338,"High_Price","Medium"
551,-160048.6062,160048.61,525,9,1771,3,13,7898,19,534,267,"Low_Price","Medium"
552,-638263.41,638263.41,537,9,1524,7,5,2566,8,546,273,"Low_Price","Medium"
553,4487444.078,4487444.08,417,5,1249,1,2,7662,20,422,211,"Low_Price","Medium"
554,733101.3339,733101.33,377,2,1641,6,13,7091,19,379,189.5,"Low_Price","Low"
555,1780766.249,1780766.25,762,10,1235,1,4,2632,8,772,386,"High_Price","High"
556,5930630.167,5930630.17,716,7,828,5,5,5545,8,723,361.5,"High_Price","High"
557,7113989.564,7113989.56,629,11,812,5,13,7479,4,640,320,"High_Price","Medium"
558,888699.3346,888699.33,533,1,1538,2,14,5664,3,534,267,"Low_Price","Medium"
559,6990191.752,6990191.75,405,10,726,2,18,6631,8,415,207.5,"Low_Price","Medium"
560,1718998.446,1718998.45,538,12,1375,6,6,4400,8,550,275,"Low_Price","Medium"
561,735207.9091,735207.91,466,6,1345,2,9,2331,3,472,236,"Low_Price","Medium"
562,5088622.323,5088622.32,495,1,862,6,17,4393,15,496,248,"Low_Price","Medium"
563,-638061.5629,638061.56,346,11,1807,6,7,7702,6,357,178.5,"Low_Price","Low"
564,5981929.499,5981929.5,773,0,935,4,5,6693,16,773,386.5,"High_Price","High"
565,5469864.791,5469864.79,356,0,638,7,7,3348,13,356,178,"Low_Price","Low"
566,1823096.454,1823096.45,744,20,1309,3,13,3598,10,764,382,"High_Price","High"
567,5311181.968,5311181.97,502,5,844,5,17,4607,10,507,253.5,"Low_Price","Medium"
568,-1114577.431,1114577.43,425,9,1743,2,17,5688,10,434,217,"Low_Price","Medium"
569,2908321.43,2908321.43,633,14,1049,5,4,2282,7,647,323.5,"High_Price","Medium"
570,-2844096.021,2844096.02,529,11,1857,7,3,4774,5,540,270,"Low_Price","Medium"
571,-1237124.695,1237124.7,667,16,1873,5,12,7938,5,683,341.5,"High_Price","Medium"
572,4035834.746,4035834.75,686,2,1227,7,12,6522,20,688,344,"High_Price","Medium"
573,1090083.713,1090083.71,369,13,1418,1,18,3986,19,382,191,"Low_Price","Low"
574,4088747.755,4088747.76,563,9,1032,7,11,4208,16,572,286,"High_Price","Medium"
575,4396917.038,4396917.04,332,17,1072,5,11,5154,12,349,174.5,"Low_Price","Low"
576,946963.9779,946963.98,554,20,1420,2,9,3688,8,574,287,"Low_Price","Medium"
577,2994122.755,2994122.76,404,13,1254,5,15,4954,18,417,208.5,"Low_Price","Medium"
578,5511393.148,5511393.15,395,9,975,1,16,6223,6,404,202,"Low_Price","Low"
579,-506875.7508,506875.75,655,10,1545,7,18,3139,16,665,332.5,"High_Price","Medium"
580,-2026406.093,2026406.09,524,6,1911,2,8,7451,16,530,265,"Low_Price","Medium"
581,6878941.05,6878941.05,589,18,549,4,16,5201,10,607,303.5,"High_Price","Medium"
582,3273772.914,3273772.91,692,17,1116,5,17,3674,11,709,354.5,"High_Price","Medium"
583,2154757.705,2154757.71,437,17,1291,7,5,3905,11,454,227,"Low_Price","Medium"
584,397969.9586,397969.96,573,18,1598,4,4,5608,17,591,295.5,"High_Price","Medium"
585,2252096.204,2252096.2,355,19,1129,1,10,2047,11,374,187,"Low_Price","Low"
586,1153969.243,1153969.24,739,11,1648,2,2,7927,16,750,375,"High_Price","High"
587,-2949939.435,2949939.44,678,14,1776,3,19,3002,12,692,346,"High_Price","Medium"
588,2850854.23,2850854.23,348,9,1400,1,4,6880,7,357,178.5,"Low_Price","Low"
589,-3461297.504,3461297.5,664,8,1853,1,9,3707,8,672,336,"High_Price","Medium"
590,6225690.462,6225690.46,320,13,983,6,15,7460,15,333,166.5,"Low_Price","Low"
591,7973716.361,7973716.36,586,2,594,3,17,7563,13,588,294,"High_Price","Medium"
592,1072407.949,1072407.95,362,19,1361,7,8,2958,19,381,190.5,"Low_Price","Low"
593,-1302063.431,1302063.43,688,0,1693,1,19,4516,15,688,344,"High_Price","Medium"
594,3665384.937,3665384.94,368,11,1318,6,13,7039,12,379,189.5,"Low_Price","Low"
595,-1047251.795,1047251.8,385,0,1709,5,19,5214,12,385,192.5,"Low_Price","Low"
596,3540261.127,3540261.13,735,12,1117,2,6,4236,18,747,373.5,"High_Price","High"
597,2404180.245,2404180.25,722,13,1124,5,16,2265,8,735,367.5,"High_Price","High"
598,3931894.563,3931894.56,495,8,895,7,11,2557,13,503,251.5,"Low_Price","Medium"
599,3468880.262,3468880.26,753,5,991,6,14,2730,9,758,379,"High_Price","High"
600,-4260063.153,4260063.15,661,3,1996,7,9,5276,11,664,332,"High_Price","Medium"
601,5541994.131,5541994.13,649,7,954,4,16,6039,12,656,328,"High_Price","Medium"
602,3665113.65,3665113.65,463,5,1177,7,14,5197,15,468,234,"Low_Price","Medium"
603,1515535.434,1515535.43,336,6,1340,1,12,3651,13,342,171,"Low_Price","Low"
604,-468544.7919,468544.79,743,17,1707,2,17,6083,7,760,380,"High_Price","High"
605,1110755.777,1110755.78,768,17,1391,5,6,3520,14,785,392.5,"High_Price","High"
606,-1389827.355,1389827.36,404,5,1723,7,2,4782,14,409,204.5,"Low_Price","Medium"
607,-1050425.577,1050425.58,495,12,1820,5,17,7226,19,507,253.5,"Low_Price","Medium"
608,2409344.15,2409344.15,715,11,1295,3,10,4529,7,726,363,"High_Price","High"
609,-1181297.311,1181297.31,603,1,1697,1,13,4790,17,604,302,"High_Price","Medium"
610,4950066.344,4950066.34,503,18,1140,2,20,6969,13,521,260.5,"Low_Price","Medium"
611,-1271032.16,1271032.16,685,7,1616,6,8,3045,10,692,346,"High_Price","Medium"
612,-3679010.319,3679010.32,775,5,1825,6,6,2716,9,780,390,"High_Price","High"
613,-3537075.516,3537075.52,325,3,1834,1,12,3235,13,328,164,"Low_Price","Low"
614,6351906.133,6351906.13,591,7,833,5,9,6341,4,598,299,"High_Price","Medium"
615,-2252170.845,2252170.85,785,2,1694,7,2,2738,16,787,393.5,"High_Price","High"
616,-1954205.737,1954205.74,421,19,1640,3,8,2186,7,440,220,"Low_Price","Medium"
617,5570203.406,5570203.41,793,5,1047,1,6,7123,13,798,399,"High_Price","High"
618,5134077.428,5134077.43,365,12,1176,2,7,7797,5,377,188.5,"Low_Price","Low"
619,126052.9707,126052.97,682,4,1623,5,20,5691,18,686,343,"High_Price","Medium"
620,1250946.227,1250946.23,587,5,1527,7,6,6003,16,592,296,"High_Price","Medium"
621,6333044.103,6333044.1,739,16,850,2,10,6411,3,755,377.5,"High_Price","High"
622,5135143.424,5135143.42,544,4,907,7,5,4840,16,548,274,"Low_Price","Medium"
623,5640222.396,5640222.4,464,19,1064,2,19,7299,9,483,241.5,"Low_Price","Medium"
624,1736088.567,1736088.57,579,6,1242,3,10,2661,7,585,292.5,"High_Price","Medium"
625,-3530474.214,3530474.21,634,1,1852,1,2,3623,16,635,317.5,"High_Price","Medium"
626,3868165.933,3868165.93,695,8,1213,1,13,6064,20,703,351.5,"High_Price","Medium"
627,2106504.546,2106504.55,727,2,1212,7,12,2904,16,729,364.5,"High_Price","High"
628,6626425.862,6626425.86,435,0,518,1,4,4802,9,435,217.5,"Low_Price","Medium"
629,-477760.2712,477760.27,688,20,1679,7,18,5448,15,708,354,"High_Price","Medium"
630,2299446.454,2299446.45,744,7,1348,6,5,5075,17,751,375.5,"High_Price","High"
631,-4271025.581,4271025.58,751,2,1970,6,12,4721,3,753,376.5,"High_Price","High"
632,-3296461.324,3296461.32,319,2,1992,6,15,6927,9,321,160.5,"Low_Price","Low"
633,-4427444.5,4427444.5,559,10,1868,4,10,2239,7,569,284.5,"High_Price","Medium"
634,5676932.071,5676932.07,523,14,748,7,4,4345,17,537,268.5,"Low_Price","Medium"
635,5615222.924,5615222.92,610,16,844,5,10,5041,6,626,313,"High_Price","Medium"
636,5348769.232,5348769.23,498,2,642,1,14,3226,9,500,250,"Low_Price","Medium"
637,7074415.866,7074415.87,497,15,650,3,8,6177,20,512,256,"Low_Price","Medium"
638,7091640.273,7091640.27,676,1,620,5,19,6134,17,677,338.5,"High_Price","Medium"
639,5082326.343,5082326.34,780,17,790,3,2,3652,8,797,398.5,"High_Price","High"
640,-3984259.512,3984259.51,458,5,1857,3,13,2864,8,463,231.5,"Low_Price","Medium"
641,7591200.506,7591200.51,445,5,708,7,5,7535,17,450,225,"Low_Price","Medium"
642,-5761266.315,5761266.32,426,16,1998,6,8,2546,6,442,221,"Low_Price","Medium"
643,609153.7873,609153.79,735,6,1564,7,6,5473,18,741,370.5,"High_Price","High"
644,7368163.576,7368163.58,771,19,824,5,5,7953,3,790,395,"High_Price","High"
645,-730770.4,730770.4,800,7,1781,5,6,7073,13,807,403.5,"High_Price","High"
646,-1591042.953,1591042.95,694,19,1882,7,20,7442,7,713,356.5,"High_Price","Medium"
647,3618221.362,3618221.36,331,3,1383,6,2,7976,9,334,167,"Low_Price","Low"
648,81169.94105,81169.94,723,9,1405,3,4,2003,17,732,366,"High_Price","High"
649,-1018607.763,1018607.76,609,2,1576,5,5,2860,10,611,305.5,"High_Price","Medium"
650,-4782587.85,4782587.85,504,7,1945,5,15,3235,10,511,255.5,"Low_Price","Medium"
651,-2367497.516,2367497.52,640,4,1816,2,20,4929,17,644,322,"High_Price","Medium"
652,-946340.5152,946340.52,511,13,1743,2,4,5939,14,524,262,"Low_Price","Medium"
653,1893466.156,1893466.16,738,1,1454,4,18,6052,14,739,369.5,"High_Price","High"
654,-3932070.318,3932070.32,457,5,1924,3,4,4342,8,462,231,"Low_Price","Medium"
655,7255788.497,7255788.5,694,9,686,6,11,6773,3,703,351.5,"High_Price","Medium"
656,-3775598.899,3775598.9,534,15,1819,2,7,2386,5,549,274.5,"Low_Price","Medium"
657,1964629.93,1964629.93,726,14,1293,1,10,3701,18,740,370,"High_Price","High"
658,-2119087.927,2119087.93,580,8,1747,4,3,3961,5,588,294,"High_Price","Medium"
659,4161207.276,4161207.28,527,20,937,1,16,3331,18,547,273.5,"Low_Price","Medium"
660,3746377.826,3746377.83,393,7,1234,1,15,6143,8,400,200,"Low_Price","Low"
661,4812223.238,4812223.24,491,20,967,5,12,4732,16,511,255.5,"Low_Price","Medium"
662,4663476.928,4663476.93,732,1,750,5,17,2722,15,733,366.5,"High_Price","High"
663,5763490.706,5763490.71,719,9,913,4,2,6002,17,728,364,"High_Price","High"
664,-1296584.182,1296584.18,543,8,1584,5,3,2444,10,551,275.5,"Low_Price","Medium"
665,6925448.331,6925448.33,386,20,602,3,8,5568,18,406,203,"Low_Price","Low"
666,1006138.599,1006138.6,603,12,1520,4,13,5439,3,615,307.5,"High_Price","Medium"
667,916504.2831,916504.28,706,2,1504,7,4,5059,17,708,354,"High_Price","High"
668,1234136.901,1234136.9,301,14,1318,3,14,2728,20,315,157.5,"Low_Price","Low"
669,-5544507.384,5544507.38,445,0,1955,1,10,2209,20,445,222.5,"Low_Price","Medium"
670,7701819.983,7701819.98,632,14,645,2,18,7287,19,646,323,"High_Price","Medium"
671,2461324.656,2461324.66,634,15,1222,1,4,3612,20,649,324.5,"High_Price","Medium"
672,-1168923.162,1168923.16,702,17,1569,3,11,2360,8,719,359.5,"High_Price","High"
673,5095438.018,5095438.02,606,3,857,4,18,4377,4,609,304.5,"High_Price","Medium"
674,-640570.3923,640570.39,565,5,1538,7,15,2839,7,570,285,"High_Price","Medium"
675,6205123.888,6205123.89,532,4,553,6,11,4128,14,536,268,"Low_Price","Medium"
676,-1894288.183,1894288.18,694,19,1816,4,9,5595,15,713,356.5,"High_Price","Medium"
677,5120187.313,5120187.31,613,0,1037,2,11,6258,6,613,306.5,"High_Price","Medium"
678,5391144.378,5391144.38,639,8,959,2,20,5842,10,647,323.5,"High_Price","Medium"
679,5411241.7,5411241.7,633,14,746,3,5,3914,15,647,323.5,"High_Price","Medium"
680,-442594.975,442594.98,700,10,1755,6,5,7043,8,710,355,"High_Price","Medium"
681,4082760.284,4082760.28,525,10,1198,7,20,6167,5,535,267.5,"Low_Price","Medium"
682,-216222.0885,216222.09,690,2,1517,4,3,3308,8,692,346,"High_Price","Medium"
683,1347910.23,1347910.23,559,13,1401,3,15,4168,5,572,286,"High_Price","Medium"
684,1878265.043,1878265.04,391,16,1461,4,9,5985,15,407,203.5,"Low_Price","Low"
685,-5850208.694,5850208.69,319,20,1992,3,20,2257,16,339,169.5,"Low_Price","Low"
686,-835075.1967,835075.2,421,9,1602,4,13,3587,6,430,215,"Low_Price","Medium"
687,7208932.681,7208932.68,397,13,647,1,3,6444,15,410,205,"Low_Price","Low"
688,3490953.845,3490953.85,333,13,987,5,13,2664,8,346,173,"Low_Price","Low"
689,4899984.464,4899984.46,336,0,651,4,4,2459,13,336,168,"Low_Price","Low"
690,2531888.049,2531888.05,414,12,1266,6,18,4305,3,426,213,"Low_Price","Medium"
691,4721767.931,4721767.93,427,12,823,4,19,3318,20,439,219.5,"Low_Price","Medium"
692,-4427969.417,4427969.42,306,14,1935,7,3,3546,17,320,160,"Low_Price","Low"
693,7221591.107,7221591.11,631,14,592,4,11,6079,18,645,322.5,"High_Price","Medium"
694,3749535.852,3749535.85,361,2,1294,6,2,6940,5,363,181.5,"Low_Price","Low"
695,5817454.611,5817454.61,545,3,634,4,13,3958,7,548,274,"Low_Price","Medium"
696,-1135424.922,1135424.92,532,1,1787,2,16,6571,19,533,266.5,"Low_Price","Medium"
697,5742330.971,5742330.97,534,17,760,3,16,4588,13,551,275.5,"Low_Price","Medium"
698,7120093.19,7120093.19,504,5,586,1,12,5999,9,509,254.5,"Low_Price","Medium"
699,-3149277.194,3149277.19,738,1,1970,3,5,6759,4,739,369.5,"High_Price","High"
700,-3342077.825,3342077.83,733,5,1935,1,3,5641,18,738,369,"High_Price","High"
701,3356984.004,3356984,577,11,1193,3,13,4845,18,588,294,"High_Price","Medium"
702,2766133.746,2766133.75,508,17,1252,5,6,4486,11,525,262.5,"Low_Price","Medium"
703,7797981.611,7797981.61,682,14,647,6,9,7415,16,696,348,"High_Price","Medium"
704,-2191132.385,2191132.39,596,12,1937,4,6,7621,17,608,304,"High_Price","Medium"
705,4477090.632,4477090.63,572,0,915,2,19,3871,4,572,286,"High_Price","Medium"
706,2053700.81,2053700.81,378,1,1158,5,10,2160,20,379,189.5,"Low_Price","Low"
707,-38964.53335,38964.53,779,9,1671,3,19,6246,7,788,394,"High_Price","High"
708,2365482.019,2365482.02,614,20,1234,1,19,3567,11,634,317,"High_Price","Medium"
709,2093376.326,2093376.33,549,16,1148,1,12,2026,9,565,282.5,"Low_Price","Medium"
710,5726176.451,5726176.45,671,3,1043,4,2,7334,12,674,337,"High_Price","Medium"
711,3927627.615,3927627.62,363,18,876,5,3,2308,6,381,190.5,"Low_Price","Low"
712,-3529040.023,3529040.02,387,1,1808,6,10,2688,6,388,194,"Low_Price","Low"
713,7529344.901,7529344.9,512,12,556,2,10,6472,13,524,262,"Low_Price","Medium"
714,4578232.99,4578232.99,570,11,1178,7,9,6767,19,581,290.5,"High_Price","Medium"
715,-2532361.822,2532361.82,513,15,1936,3,7,6989,5,528,264,"Low_Price","Medium"
716,5841302.879,5841302.88,436,3,752,4,4,4821,9,439,219.5,"Low_Price","Medium"
717,-2641692.946,2641692.95,303,18,1770,2,17,3407,13,321,160.5,"Low_Price","Low"
718,5617408.445,5617408.45,752,0,820,7,5,4963,8,752,376,"High_Price","High"
719,6177338.721,6177338.72,619,2,941,2,4,7107,14,621,310.5,"High_Price","Medium"
720,-3266289.214,3266289.21,338,4,1891,3,17,4850,7,342,171,"Low_Price","Low"
721,5898490.617,5898490.62,735,0,606,3,5,3968,8,735,367.5,"High_Price","High"
722,-2625419.125,2625419.13,352,13,1855,7,5,5105,3,365,182.5,"Low_Price","Low"
723,2272465.719,2272465.72,529,4,1214,4,6,3240,19,533,266.5,"Low_Price","Medium"
724,-2091769.488,2091769.49,446,16,1930,5,13,7599,19,462,231,"Low_Price","Medium"
725,2504651.565,2504651.57,363,11,1166,4,5,2986,4,374,187,"Low_Price","Low"
726,2857679.334,2857679.33,492,19,1396,3,20,6719,5,511,255.5,"Low_Price","Medium"
727,6699425.365,6699425.37,404,1,594,2,3,5323,6,405,202.5,"Low_Price","Medium"
728,1340792.863,1340792.86,750,4,1606,3,12,7582,6,754,377,"High_Price","High"
729,6150347.836,6150347.84,412,20,1020,1,8,7713,17,432,216,"Low_Price","Medium"
730,1448883.167,1448883.17,798,5,1399,1,18,4422,6,803,401.5,"High_Price","High"
731,4020155.208,4020155.21,447,7,1015,2,7,3986,18,454,227,"Low_Price","Medium"
732,-1623024.191,1623024.19,351,15,1900,6,3,7796,14,366,183,"Low_Price","Low"
733,7403848.762,7403848.76,424,7,699,3,14,7180,13,431,215.5,"Low_Price","Medium"
734,6901712.554,6901712.55,429,7,869,5,10,7631,9,436,218,"Low_Price","Medium"
735,7254588.383,7254588.38,506,13,559,7,7,5923,12,519,259.5,"Low_Price","Medium"
736,2604248.463,2604248.46,339,5,1325,5,8,5323,13,344,172,"Low_Price","Low"
737,3070173.136,3070173.14,708,0,1249,6,6,5141,6,708,354,"High_Price","High"
738,2711726.463,2711726.46,791,19,1383,4,5,6238,13,810,405,"High_Price","High"
739,6687939.039,6687939.04,444,7,832,1,11,6979,10,451,225.5,"Low_Price","Medium"
740,2018133.019,2018133.02,499,10,1356,6,19,4680,4,509,254.5,"Low_Price","Medium"
741,5643276.396,5643276.4,634,5,874,3,5,5482,14,639,319.5,"High_Price","Medium"
742,177768.1995,177768.2,507,14,1424,6,5,2381,12,521,260.5,"Low_Price","Medium"
743,-2757185.452,2757185.45,721,20,1998,3,4,7877,11,741,370.5,"High_Price","High"
744,-1642465.228,1642465.23,616,16,1815,7,19,6017,12,632,316,"High_Price","Medium"
745,-1620786.207,1620786.21,780,18,1831,1,12,6437,8,798,399,"High_Price","High"
746,2222224.573,2222224.57,465,4,1149,7,17,2309,3,469,234.5,"Low_Price","Medium"
747,2949470.811,2949470.81,597,13,1245,3,16,4793,4,610,305,"High_Price","Medium"
748,5866846.72,5866846.72,315,6,835,1,7,5550,16,321,160.5,"Low_Price","Low"
749,310671.3413,310671.34,375,13,1525,1,4,4311,6,388,194,"Low_Price","Low"
750,6201590.252,6201590.25,331,6,737,4,16,5318,15,337,168.5,"Low_Price","Low"
751,-139537.0626,139537.06,724,0,1476,4,15,2799,15,724,362,"High_Price","High"
752,5332306.579,5332306.58,529,0,888,7,6,5051,18,529,264.5,"Low_Price","Medium"
753,-2353146.029,2353146.03,471,7,1673,5,10,2161,8,478,239,"Low_Price","Medium"
754,3311160.963,3311160.96,495,11,1083,2,5,3452,5,506,253,"Low_Price","Medium"
755,-1040816.343,1040816.34,387,10,1624,6,8,3569,6,397,198.5,"Low_Price","Low"
756,-2407543.384,2407543.38,623,11,1815,1,5,4778,15,634,317,"High_Price","Medium"
757,-1156479.641,1156479.64,688,19,1665,4,10,4032,17,707,353.5,"High_Price","Medium"
758,4787283.309,4787283.31,373,6,650,2,10,2226,9,379,189.5,"Low_Price","Low"
759,6931970.867,6931970.87,716,15,807,1,3,7122,8,731,365.5,"High_Price","High"
760,3839474.363,3839474.36,769,3,958,4,12,3092,14,772,386,"High_Price","High"
761,1741156.26,1741156.26,548,3,1525,1,3,6937,19,551,275.5,"Low_Price","Medium"
762,5593427.016,5593427.02,656,12,1126,7,5,7929,8,668,334,"High_Price","Medium"
763,4850596.408,4850596.41,313,19,996,4,9,5123,13,332,166,"Low_Price","Low"
764,-1426775.693,1426775.69,757,10,1705,7,17,4346,4,767,383.5,"High_Price","High"
765,3114008.118,3114008.12,606,15,1115,1,4,3450,5,621,310.5,"High_Price","Medium"
766,2149272.539,2149272.54,666,2,1312,5,10,4359,16,668,334,"High_Price","Medium"
767,5586149.015,5586149.02,585,7,873,7,13,5305,10,592,296,"High_Price","Medium"
768,5281466.689,5281466.69,699,4,1092,4,14,7093,13,703,351.5,"High_Price","Medium"
769,3130828.701,3130828.7,534,10,1069,5,2,2936,10,544,272,"Low_Price","Medium"
770,5767244.991,5767244.99,430,8,1043,3,11,7378,9,438,219,"Low_Price","Medium"
771,5016163.641,5016163.64,797,17,790,2,12,3547,15,814,407,"High_Price","High"
772,1134778.702,1134778.7,479,6,1565,6,3,6441,11,485,242.5,"Low_Price","Medium"
773,4807118.134,4807118.13,462,6,1200,5,20,7534,18,468,234,"Low_Price","Medium"
774,5342592.324,5342592.32,662,4,667,5,2,3299,10,666,333,"High_Price","Medium"
775,-1102172.883,1102172.88,779,2,1851,4,5,7875,4,781,390.5,"High_Price","High"
776,-4466676.096,4466676.1,407,20,1934,3,17,3461,16,427,213.5,"Low_Price","Medium"
777,7450304.938,7450304.94,702,4,764,7,7,7726,4,706,353,"High_Price","High"
778,-3700166.078,3700166.08,457,14,1911,3,11,4390,16,471,235.5,"Low_Price","Medium"
779,4037274.652,4037274.65,583,13,1255,5,14,6824,12,596,298,"High_Price","Medium"
780,-1369150.854,1369150.85,749,5,1746,7,8,5259,12,754,377,"High_Price","High"
781,6670110.31,6670110.31,737,5,819,7,4,6772,10,742,371,"High_Price","High"
782,5257550.305,5257550.31,604,19,704,1,6,3316,10,623,311.5,"High_Price","Medium"
783,6440616.181,6440616.18,627,14,925,6,16,7260,6,641,320.5,"High_Price","Medium"
784,1293131.248,1293131.25,743,20,1370,3,17,3532,18,763,381.5,"High_Price","High"
785,1774565.463,1774565.46,421,1,1357,6,8,4342,8,422,211,"Low_Price","Medium"
786,1619106.476,1619106.48,527,3,1348,4,8,3946,3,530,265,"Low_Price","Medium"
787,6161548.571,6161548.57,545,10,962,6,19,7168,8,555,277.5,"Low_Price","Medium"
788,-781645.0008,781645,655,20,1641,6,3,4237,3,675,337.5,"High_Price","Medium"
789,-2956681.819,2956681.82,660,3,1896,6,2,5462,12,663,331.5,"High_Price","Medium"
790,6422514.379,6422514.38,529,9,978,7,14,7780,18,538,269,"Low_Price","Medium"
791,7248310.024,7248310.02,755,14,659,3,15,6560,17,769,384.5,"High_Price","High"
792,5870802.773,5870802.77,484,4,844,7,16,5579,15,488,244,"Low_Price","Medium"
793,-2894024.516,2894024.52,325,3,1885,7,8,5332,15,328,164,"Low_Price","Low"
794,-1291811.801,1291811.8,781,20,1572,3,5,2159,12,801,400.5,"High_Price","High"
795,4344412.504,4344412.5,566,20,769,6,18,2117,3,586,293,"High_Price","Medium"
796,-693961.1934,693961.19,779,16,1572,3,18,3268,7,795,397.5,"High_Price","High"
797,5100661.966,5100661.97,327,11,532,3,14,2025,20,338,169,"Low_Price","Low"
798,-616664.8577,616664.86,361,12,1636,3,3,4554,6,373,186.5,"Low_Price","Low"
799,-2373324.049,2373324.05,586,14,1829,5,16,5048,6,600,300,"High_Price","Medium"
800,5101866.576,5101866.58,393,9,966,2,10,5379,17,402,201,"Low_Price","Low"
801,1951618.191,1951618.19,419,9,1350,7,10,4464,7,428,214,"Low_Price","Medium"
802,4511092.215,4511092.22,763,4,1011,1,9,4858,19,767,383.5,"High_Price","High"
803,-2141443.703,2141443.7,661,14,1811,2,11,5135,11,675,337.5,"High_Price","Medium"
804,4941217.915,4941217.92,796,6,1122,1,14,6859,17,802,401,"High_Price","High"
805,6179747.086,6179747.09,464,12,974,1,19,7372,6,476,238,"Low_Price","Medium"
806,3957124.081,3957124.08,323,15,1161,4,19,5460,18,338,169,"Low_Price","Low"
807,-2797672.501,2797672.5,362,12,1807,7,12,3846,7,374,187,"Low_Price","Low"
808,5867274.706,5867274.71,656,20,828,5,9,5314,4,676,338,"High_Price","Medium"
809,2282239.433,2282239.43,643,17,1132,7,16,2074,15,660,330,"High_Price","Medium"
810,4227359.239,4227359.24,707,8,1230,3,11,6896,20,715,357.5,"High_Price","High"
811,1019516.974,1019516.97,777,13,1391,1,11,3448,19,790,395,"High_Price","High"
812,6022006.547,6022006.55,472,16,672,1,17,4481,14,488,244,"Low_Price","Medium"
813,2319392.07,2319392.07,622,7,1170,6,6,2711,14,629,314.5,"High_Price","Medium"
814,5149775.363,5149775.36,350,7,913,7,15,4899,15,357,178.5,"Low_Price","Low"
815,-2549742.094,2549742.09,790,14,1759,1,7,3411,5,804,402,"High_Price","High"
816,1458280.777,1458280.78,609,18,1546,5,9,6591,17,627,313.5,"High_Price","Medium"
817,1517631.966,1517631.97,738,17,1477,5,16,5582,12,755,377.5,"High_Price","High"
818,-1713888.007,1713888.01,610,1,1656,7,17,3023,8,611,305.5,"High_Price","Medium"
819,4650909.001,4650909,534,16,1088,4,5,5813,6,550,275,"Low_Price","Medium"
820,3420372.591,3420372.59,356,11,1144,5,8,4317,19,367,183.5,"Low_Price","Low"
821,3279752.199,3279752.2,581,20,1200,2,11,4729,13,601,300.5,"High_Price","Medium"
822,863641.6988,863641.7,488,14,1656,6,18,7491,3,502,251,"Low_Price","Medium"
823,-1326808.611,1326808.61,644,20,1757,6,15,5424,5,664,332,"High_Price","Medium"
824,-2573182.415,2573182.42,730,19,1821,7,7,4447,16,749,374.5,"High_Price","High"
825,1732324.13,1732324.13,600,2,1394,6,12,4798,20,602,301,"High_Price","Medium"
826,3584293.141,3584293.14,356,19,940,7,10,2265,14,375,187.5,"Low_Price","Low"
827,325729.1411,325729.14,786,20,1522,5,9,4170,7,806,403,"High_Price","High"
828,-192501.8551,192501.86,637,18,1671,7,14,5834,4,655,327.5,"High_Price","Medium"
829,5988136.206,5988136.21,582,13,503,5,12,3409,20,595,297.5,"High_Price","Medium"
830,-2287069.917,2287069.92,728,10,1868,6,4,6012,4,738,369,"High_Price","High"
831,3473010.194,3473010.19,777,16,1225,5,19,5405,3,793,396.5,"High_Price","High"
832,5387850.645,5387850.65,467,14,990,4,20,6068,11,481,240.5,"Low_Price","Medium"
833,-2527765.134,2527765.13,582,1,1807,2,16,4493,18,583,291.5,"High_Price","Medium"
834,-2997310.165,2997310.17,500,17,1782,6,5,2961,10,517,258.5,"Low_Price","Medium"
835,3041402.024,3041402.02,799,8,1054,3,14,2655,17,807,403.5,"High_Price","High"
836,5827498.603,5827498.6,317,10,696,6,7,4288,12,327,163.5,"Low_Price","Low"
837,6367505.887,6367505.89,387,4,939,2,2,7401,18,391,195.5,"Low_Price","Low"
838,3945650.36,3945650.36,348,4,1090,1,4,4733,14,352,176,"Low_Price","Low"
839,-797692.3246,797692.32,604,0,1561,1,11,3074,9,604,302,"High_Price","Medium"
840,-1296549.804,1296549.8,675,20,1811,3,6,6559,16,695,347.5,"High_Price","Medium"
841,6939904.945,6939904.95,311,6,780,1,6,7003,9,317,158.5,"Low_Price","Low"
842,1947253.324,1947253.32,555,19,1179,4,11,2082,9,574,287,"High_Price","Medium"
843,7177413.289,7177413.29,310,11,523,5,16,5642,18,321,160.5,"Low_Price","Low"
844,1850085.397,1850085.4,305,19,1272,5,2,3112,8,324,162,"Low_Price","Low"
845,2419417.72,2419417.72,304,12,1280,7,14,4269,18,316,158,"Low_Price","Low"
846,1634808.299,1634808.3,414,0,1561,4,15,7352,12,414,207,"Low_Price","Medium"
847,-4598135.177,4598135.18,610,13,1934,2,18,3313,9,623,311.5,"High_Price","Medium"
848,2855902.372,2855902.37,605,3,1029,3,8,2096,18,608,304,"High_Price","Medium"
849,5227453.395,5227453.4,541,6,525,2,11,2287,5,547,273.5,"Low_Price","Medium"
850,1888661.015,1888661.02,467,14,1442,4,3,5722,14,481,240.5,"Low_Price","Medium"
851,898111.8068,898111.81,505,1,1554,4,7,5911,13,506,253,"Low_Price","Medium"
852,5322750.443,5322750.44,347,5,755,6,9,3875,14,352,176,"Low_Price","Low"
853,-1025217.195,1025217.2,711,12,1753,1,7,6012,17,723,361.5,"High_Price","High"
854,-1306810.519,1306810.52,375,3,1598,3,9,2742,16,378,189,"Low_Price","Low"
855,3663814.896,3663814.9,434,10,1337,4,12,7338,19,444,222,"Low_Price","Medium"
856,2137472.074,2137472.07,755,10,1155,6,20,2178,16,765,382.5,"High_Price","High"
857,-2454383.332,2454383.33,417,20,1870,6,2,5658,7,437,218.5,"Low_Price","Medium"
858,7368558.633,7368558.63,739,12,542,2,18,6121,6,751,375.5,"High_Price","High"
859,7074373.943,7074373.94,695,13,719,7,19,6631,11,708,354,"High_Price","Medium"
860,2991199.49,2991199.49,570,17,1455,6,4,7835,6,587,293.5,"High_Price","Medium"
861,-1715.76725,1715.77,465,1,1459,2,5,2794,5,466,233,"Low_Price","Medium"
862,-1918259.58,1918259.58,359,11,1630,1,5,2164,18,370,185,"Low_Price","Low"
863,2549987.496,2549987.5,527,12,1175,2,11,3199,4,539,269.5,"Low_Price","Medium"
864,5821874.892,5821874.89,605,9,793,3,11,5061,19,614,307,"High_Price","Medium"
865,2250350.409,2250350.41,518,5,1296,5,2,4289,6,523,261.5,"Low_Price","Medium"
866,3997583.019,3997583.02,540,17,1117,2,17,5009,14,557,278.5,"Low_Price","Medium"
867,2067029.099,2067029.1,392,15,1492,4,12,6834,6,407,203.5,"Low_Price","Low"
868,-3252600.321,3252600.32,436,19,1787,2,18,2645,12,455,227.5,"Low_Price","Medium"
869,4944774.012,4944774.01,394,13,964,7,11,4981,9,407,203.5,"Low_Price","Low"
870,3482230.008,3482230.01,669,1,1191,1,15,5179,4,670,335,"High_Price","Medium"
871,5244288.181,5244288.18,712,19,598,3,5,2568,17,731,365.5,"High_Price","High"
872,5482385.347,5482385.35,694,12,574,3,6,2917,19,706,353,"High_Price","Medium"
873,3551182.187,3551182.19,324,6,1131,3,4,4476,6,330,165,"Low_Price","Low"
874,3959952.851,3959952.85,797,12,1183,3,4,5775,18,809,404.5,"High_Price","High"
875,-1069856.377,1069856.38,591,13,1719,7,16,5213,3,604,302,"High_Price","Medium"
876,4407955.811,4407955.81,534,10,1023,6,13,4686,11,544,272,"Low_Price","Medium"
877,6788342.654,6788342.65,366,17,694,4,3,5932,20,383,191.5,"Low_Price","Low"
878,2447903.022,2447903.02,353,11,1316,3,12,4893,7,364,182,"Low_Price","Low"
879,1126942.122,1126942.12,353,12,1521,4,5,5663,7,365,182.5,"Low_Price","Low"
880,2993552.562,2993552.56,616,4,1205,6,8,4382,14,620,310,"High_Price","Medium"
881,-1139775.741,1139775.74,770,19,1596,7,4,2794,16,789,394.5,"High_Price","High"
882,7946513.92,7946513.92,704,18,638,2,13,7639,16,722,361,"High_Price","High"
883,8170989.885,8170989.89,533,7,560,6,20,7637,7,540,270,"Low_Price","Medium"
884,5101984.459,5101984.46,729,15,1065,6,8,6325,19,744,372,"High_Price","High"
885,2164267.306,2164267.31,360,5,1425,7,2,6002,4,365,182.5,"Low_Price","Low"
886,1946513.935,1946513.94,722,20,1359,4,8,4524,4,742,371,"High_Price","High"
887,3153426.559,3153426.56,540,20,1045,5,17,2613,19,560,280,"Low_Price","Medium"
888,1593121.424,1593121.42,525,8,1264,2,11,2697,7,533,266.5,"Low_Price","Medium"
889,5559011.894,5559011.89,629,12,685,3,16,3760,12,641,320.5,"High_Price","Medium"
890,3236035.296,3236035.3,634,6,1149,7,11,4085,5,640,320,"High_Price","Medium"
891,3018590.091,3018590.09,701,16,1096,3,13,3023,8,717,358.5,"High_Price","High"
892,-2046249.56,2046249.56,652,3,1834,7,16,5799,18,655,327.5,"High_Price","Medium"
893,4468209.393,4468209.39,421,10,967,6,19,4212,8,431,215.5,"Low_Price","Medium"
894,6385637.788,6385637.79,658,9,560,2,14,4489,19,667,333.5,"High_Price","Medium"
895,3688595.994,3688595.99,344,8,885,2,9,2098,14,352,176,"Low_Price","Low"
896,7028362.095,7028362.1,300,3,783,2,13,7201,12,303,151.5,"Low_Price","Low"
897,-3662904.205,3662904.21,363,1,1919,2,11,4774,4,364,182,"Low_Price","Low"
898,4046330.094,4046330.09,503,13,984,4,5,3632,4,516,258,"Low_Price","Medium"
899,-4181023.966,4181023.97,725,3,1901,4,13,3426,10,728,364,"High_Price","High"
900,5096905.334,5096905.33,629,6,980,4,4,5524,3,635,317.5,"High_Price","Medium"
901,2931685.772,2931685.77,435,6,1334,2,6,6062,14,441,220.5,"Low_Price","Medium"
902,3965701.388,3965701.39,406,10,1036,6,11,4037,16,416,208,"Low_Price","Medium"
903,2934927.701,2934927.7,638,16,1033,1,11,2194,4,654,327,"High_Price","Medium"
904,-1373856.762,1373856.76,710,16,1750,7,15,5231,4,726,363,"High_Price","High"
905,-803332.4088,803332.41,312,7,1828,7,7,7842,18,319,159.5,"Low_Price","Low"
906,-3351890.559,3351890.56,482,7,1930,3,7,5472,19,489,244.5,"Low_Price","Medium"
907,7851175.069,7851175.07,581,19,629,3,11,7398,5,600,300,"High_Price","Medium"
908,8331960.651,8331960.65,786,18,594,7,5,7987,11,804,402,"High_Price","High"
909,-3991708.241,3991708.24,477,9,1999,1,17,5841,15,486,243,"Low_Price","Medium"
910,1828371.628,1828371.63,376,16,1439,3,11,5573,6,392,196,"Low_Price","Low"
911,3454103.499,3454103.5,707,15,1001,6,7,2700,20,722,361,"High_Price","High"
912,6989368.975,6989368.98,396,20,783,7,5,6901,8,416,208,"Low_Price","Low"
913,-4640126.315,4640126.32,448,14,1897,2,8,2439,18,462,231,"Low_Price","Medium"
914,699019.2688,699019.27,625,9,1333,2,12,2066,3,634,317,"High_Price","Medium"
915,6026204.335,6026204.34,563,4,684,2,7,4672,9,567,283.5,"High_Price","Medium"
916,-2366287.224,2366287.22,434,10,1701,6,13,2607,14,444,222,"Low_Price","Medium"
917,5003368.275,5003368.28,670,11,991,2,16,5443,19,681,340.5,"High_Price","Medium"
918,-3294534.955,3294534.96,437,12,1759,4,3,2054,19,449,224.5,"Low_Price","Medium"
919,-4322181.557,4322181.56,539,19,1905,7,18,3068,9,558,279,"Low_Price","Medium"
920,461400.5421,461400.54,646,4,1590,4,14,5721,17,650,325,"High_Price","Medium"
921,3082546.369,3082546.37,773,12,1228,7,9,4755,6,785,392.5,"High_Price","High"
922,2256473.447,2256473.45,472,14,1451,7,7,6483,7,486,243,"Low_Price","Medium"
923,6863756.051,6863756.05,323,14,838,5,7,7215,16,337,168.5,"Low_Price","Low"
924,6611466.956,6611466.96,623,7,860,1,11,7082,18,630,315,"High_Price","Medium"
925,5472966.541,5472966.54,638,17,1094,1,14,7374,10,655,327.5,"High_Price","Medium"
926,6763624.23,6763624.23,433,4,876,1,9,7524,19,437,218.5,"Low_Price","Medium"
927,6303440.329,6303440.33,318,0,961,2,14,7558,10,318,159,"Low_Price","Low"
928,4289809.209,4289809.21,551,9,977,6,18,4000,16,560,280,"Low_Price","Medium"
929,7889769.725,7889769.73,533,4,655,4,12,7752,20,537,268.5,"Low_Price","Medium"
930,-1276014.869,1276014.87,345,20,1636,1,4,3337,4,365,182.5,"Low_Price","Low"
931,-3760630.889,3760630.89,660,12,1999,3,3,6193,10,672,336,"High_Price","Medium"
932,5696413.308,5696413.31,743,20,738,6,16,4265,19,763,381.5,"High_Price","High"
933,-2357662.393,2357662.39,609,16,1932,2,5,7206,19,625,312.5,"High_Price","Medium"
934,-4948597.098,4948597.1,635,4,1932,7,9,2668,4,639,319.5,"High_Price","Medium"
935,2145835.053,2145835.05,347,13,1346,6,13,4724,11,360,180,"Low_Price","Low"
936,5706712.541,5706712.54,575,13,721,2,13,4277,17,588,294,"High_Price","Medium"
937,-74411.56015,74411.56,611,0,1686,2,8,6557,4,611,305.5,"High_Price","Medium"
938,6110368.784,6110368.78,577,20,833,7,14,5755,15,597,298.5,"High_Price","Medium"
939,2439771.407,2439771.41,757,20,1320,7,20,4801,6,777,388.5,"High_Price","High"
940,-1202260.406,1202260.41,366,10,1565,7,12,2245,9,376,188,"Low_Price","Low"
941,8460643.606,8460643.61,593,17,520,3,16,7881,11,610,305,"High_Price","Medium"
942,5793419.14,5793419.14,367,5,701,1,17,4390,4,372,186,"Low_Price","Low"
943,7381206.733,7381206.73,621,4,509,1,15,6059,14,625,312.5,"High_Price","Medium"
944,4305526.872,4305526.87,416,20,1126,4,3,5604,11,436,218,"Low_Price","Medium"
945,2237894.873,2237894.87,306,7,1208,1,6,3116,14,313,156.5,"Low_Price","Low"
946,-58443.8625,58443.86,450,12,1544,1,16,3984,10,462,231,"Low_Price","Medium"
947,1939224.634,1939224.63,377,4,1450,5,17,6034,5,381,190.5,"Low_Price","Low"
948,2564177.528,2564177.53,628,6,1083,6,3,2108,19,634,317,"High_Price","Medium"
949,6216382.358,6216382.36,784,4,792,6,19,5776,6,788,394,"High_Price","High"
950,521700.7972,521700.8,609,17,1533,5,11,4730,6,626,313,"High_Price","Medium"
951,3589854.875,3589854.88,563,0,1222,6,3,5706,5,563,281.5,"High_Price","Medium"
952,1954704.507,1954704.51,461,2,1295,7,10,3759,3,463,231.5,"Low_Price","Medium"
953,-2267372.116,2267372.12,799,7,1946,5,15,7719,14,806,403,"High_Price","High"
954,3137532.942,3137532.94,624,20,1264,7,6,5258,4,644,322,"High_Price","Medium"
955,7479690.331,7479690.33,597,16,554,5,4,6291,14,613,306.5,"High_Price","Medium"
956,396523.8538,396523.85,788,13,1490,7,4,3804,14,801,400.5,"High_Price","High"
957,5237082.123,5237082.12,728,18,1062,3,14,6551,13,746,373,"High_Price","High"
958,-634787.2344,634787.23,519,2,1508,7,2,2369,17,521,260.5,"Low_Price","Medium"
959,-541089.6331,541089.63,694,18,1512,5,18,2490,6,712,356,"High_Price","Medium"
960,6362503.94,6362503.94,663,11,623,3,14,4792,8,674,337,"High_Price","Medium"
961,1137856.915,1137856.92,322,1,1296,3,8,2379,11,323,161.5,"Low_Price","Low"
962,2040213.357,2040213.36,587,15,1313,2,18,4096,18,602,301,"High_Price","Medium"
963,-1897118.518,1897118.52,794,12,1752,1,12,4456,6,806,403,"High_Price","High"
964,4696653.532,4696653.53,583,14,1097,2,7,6038,15,597,298.5,"High_Price","Medium"
965,8038493.322,8038493.32,624,20,521,5,9,7071,20,644,322,"High_Price","Medium"
966,-3274497.883,3274497.88,516,17,1845,5,18,3745,3,533,266.5,"Low_Price","Medium"
967,7380005.93,7380005.93,641,4,742,6,11,7440,13,645,322.5,"High_Price","Medium"
968,4279003.441,4279003.44,586,7,1266,2,9,7501,8,593,296.5,"High_Price","Medium"
969,7574940.32,7574940.32,422,14,622,7,12,6851,13,436,218,"Low_Price","Medium"
970,-491982.5453,491982.55,522,7,1626,7,2,4586,13,529,264.5,"Low_Price","Medium"
971,908491.213,908491.21,380,1,1644,7,14,7466,3,381,190.5,"Low_Price","Low"
972,-3486126.03,3486126.03,430,12,1955,2,3,5732,17,442,221,"Low_Price","Medium"
973,3102920.912,3102920.91,342,16,1276,5,20,5426,10,358,179,"Low_Price","Low"
974,303585.0481,303585.05,606,14,1390,3,20,2132,16,620,310,"High_Price","Medium"
975,-2158331.001,2158331,518,11,1658,5,12,2200,4,529,264.5,"Low_Price","Medium"
976,4464599.382,4464599.38,353,9,763,2,18,2439,6,362,181,"Low_Price","Low"
977,4707163.405,4707163.41,311,4,991,6,20,4938,13,315,157.5,"Low_Price","Low"
978,4825342.458,4825342.46,447,5,937,3,6,4625,14,452,226,"Low_Price","Medium"
979,1361592.069,1361592.07,625,19,1603,4,17,7406,13,644,322,"High_Price","Medium"
980,4933130.227,4933130.23,387,7,1162,5,2,7268,9,394,197,"Low_Price","Low"
981,3088136.397,3088136.4,653,6,1178,6,13,4194,8,659,329.5,"High_Price","Medium"
982,3917523.097,3917523.1,631,1,1290,4,18,7215,20,632,316,"High_Price","Medium"
983,341281.2275,341281.23,587,18,1485,2,3,3641,19,605,302.5,"High_Price","Medium"
984,-4058083.239,4058083.24,301,10,1957,1,17,4810,3,311,155.5,"Low_Price","Low"
985,7253318.737,7253318.74,335,4,513,5,17,5797,16,339,169.5,"Low_Price","Low"
986,1207491.17,1207491.17,726,7,1352,1,7,3274,3,733,366.5,"High_Price","High"
987,5878167.259,5878167.26,414,14,779,2,15,5017,17,428,214,"Low_Price","Medium"
988,6946867.842,6946867.84,424,17,914,7,8,7998,18,441,220.5,"Low_Price","Medium"
989,1383882.209,1383882.21,340,6,1487,4,18,5620,18,346,173,"Low_Price","Low"
990,-4649768.57,4649768.57,485,1,1976,4,2,4206,9,486,243,"Low_Price","Medium"
991,4749894.418,4749894.42,776,9,1171,2,9,7074,15,785,392.5,"High_Price","High"
992,-766630.4981,766630.5,457,12,1755,1,6,6509,17,469,234.5,"Low_Price","Medium"
993,5351359.143,5351359.14,739,17,805,3,17,4250,20,756,378,"High_Price","High"
994,1581129.555,1581129.56,363,14,1588,5,3,7560,16,377,188.5,"Low_Price","Low"
995,6320925.82,6320925.82,633,17,637,6,7,4699,16,650,325,"High_Price","Medium"
996,4501904.05,4501904.05,559,1,1063,4,20,5412,11,560,280,"High_Price","Medium"
997,4081497.656,4081497.66,634,10,1170,4,4,5835,16,644,322,"High_Price","Medium"
998,703576.1414,703576.14,301,15,1484,2,13,4314,3,316,158,"Low_Price","Low"
999,442809.1462,442809.15,349,10,1390,3,11,2410,20,359,179.5,"Low_Price","Low"
1000,-3777143.458,3777143.46,635,14,1972,1,13,5582,16,649,324.5,"High_Price","Medium"
1001,5103013.467,5103013.47,535,11,869,1,13,4458,4,546,273,"Low_Price","Medium"
1002,545783.1843,545783.18,418,11,1579,2,8,5643,10,429,214.5,"Low_Price","Medium"
1003,-4295765.174,4295765.17,782,14,1989,6,10,4969,8,796,398,"High_Price","High"
1004,5353485.563,5353485.56,643,5,521,7,15,2430,11,648,324,"High_Price","Medium"
1005,31248.5867,31248.59,442,4,1447,3,14,2620,11,446,223,"Low_Price","Medium"
1006,-973355.3946,973355.39,404,4,1697,4,2,5092,7,408,204,"Low_Price","Medium"
1007,3012613.942,3012613.94,783,19,1416,5,3,7258,11,802,401,"High_Price","High"
1008,200443.2784,200443.28,721,20,1455,3,12,2888,16,741,370.5,"High_Price","High"
1009,4549760.12,4549760.12,496,6,949,3,13,4246,16,502,251,"Low_Price","Medium"
1010,7335407.157,7335407.16,516,9,659,2,12,6773,19,525,262.5,"Low_Price","Medium"
1011,-817936.4378,817936.44,772,13,1644,7,2,4270,13,785,392.5,"High_Price","High"
1012,3848358.584,3848358.58,588,18,947,3,4,2861,17,606,303,"High_Price","Medium"
1013,-3507706.447,3507706.45,717,6,1909,6,2,4732,4,723,361.5,"High_Price","High"
1014,2977240.524,2977240.52,725,0,1107,3,16,3239,3,725,362.5,"High_Price","High"
1015,720021.6383,720021.64,395,19,1355,3,20,2317,3,414,207,"Low_Price","Low"
1016,2464211.933,2464211.93,339,8,1408,5,14,6272,11,347,173.5,"Low_Price","Low"
1017,5573276.382,5573276.38,742,0,654,5,19,3666,15,742,371,"High_Price","High"
1018,5900745.833,5900745.83,558,8,964,4,14,6761,18,566,283,"High_Price","Medium"
1019,1828788.949,1828788.95,381,3,1527,7,19,7058,12,384,192,"Low_Price","Low"
1020,-1022793.529,1022793.53,627,13,1733,5,2,5572,14,640,320,"High_Price","Medium"
1021,7360263.612,7360263.61,646,9,708,1,17,7170,20,655,327.5,"High_Price","Medium"
1022,1538944.574,1538944.57,514,8,1468,2,10,5595,18,522,261,"Low_Price","Medium"
1023,306029.7955,306029.8,593,4,1683,1,19,7153,8,597,298.5,"High_Price","Medium"
1024,-1555873.254,1555873.25,738,0,1734,7,20,4748,20,738,369,"High_Price","High"
1025,2138316.419,2138316.42,707,9,1297,7,9,4030,20,716,358,"High_Price","High"
1026,6772209.98,6772209.98,548,0,675,3,20,5964,13,548,274,"Low_Price","Medium"
1027,-1924753.992,1924753.99,313,18,1925,7,19,7746,20,331,165.5,"Low_Price","Low"
1028,2043177.204,2043177.2,344,5,1460,1,4,6414,5,349,174.5,"Low_Price","Low"
1029,4610276.388,4610276.39,332,10,817,6,15,3071,6,342,171,"Low_Price","Low"
1030,6637191.416,6637191.42,675,14,901,2,8,7420,19,689,344.5,"High_Price","Medium"
1031,-3465805.637,3465805.64,506,19,1906,4,18,4645,15,525,262.5,"Low_Price","Medium"
1032,-679752.6222,679752.62,428,8,1708,2,17,5802,20,436,218,"Low_Price","Medium"
1033,651265.4554,651265.46,604,3,1339,5,12,2072,20,607,303.5,"High_Price","Medium"
1034,-2035872.203,2035872.2,609,1,1656,2,13,2516,9,610,305,"High_Price","Medium"
1035,6216066.85,6216066.85,389,16,831,7,17,5961,19,405,202.5,"Low_Price","Low"
1036,5437652.799,5437652.8,340,11,1128,7,15,7689,10,351,175.5,"Low_Price","Low"
1037,4895199.797,4895199.8,768,17,1112,5,2,6501,8,785,392.5,"High_Price","High"
1038,7429596.883,7429596.88,780,18,805,2,8,7948,10,798,399,"High_Price","High"
1039,5385422.143,5385422.14,547,19,1065,6,20,6802,12,566,283,"Low_Price","Medium"
1040,-2500125.145,2500125.15,796,12,1754,5,17,3364,16,808,404,"High_Price","High"
1041,7894743.847,7894743.85,787,19,543,7,5,6917,11,806,403,"High_Price","High"
1042,4713885.499,4713885.5,729,13,931,3,3,4297,5,742,371,"High_Price","High"
1043,28574.2029,28574.2,454,18,1685,2,11,6539,16,472,236,"Low_Price","Medium"
1044,4904848.28,4904848.28,759,1,1039,2,14,5889,6,760,380,"High_Price","High"
1045,3812208.662,3812208.66,331,6,869,5,15,2160,6,337,168.5,"Low_Price","Low"
1046,-1610267.115,1610267.12,522,14,1896,1,20,7825,8,536,268,"Low_Price","Medium"
1047,-3340180.362,3340180.36,584,11,1998,6,17,6890,14,595,297.5,"High_Price","Medium"
1048,7057516.339,7057516.34,592,2,736,4,6,6865,15,594,297,"High_Price","Medium"
1049,-75431.33555,75431.34,607,7,1687,5,10,6452,20,614,307,"High_Price","Medium"
1050,3020629.636,3020629.64,360,9,1406,2,9,7262,6,369,184.5,"Low_Price","Low"
1051,5884796.91,5884796.91,685,11,1015,4,8,7234,15,696,348,"High_Price","Medium"
1052,-1283225.464,1283225.46,793,19,1811,5,7,6576,3,812,406,"High_Price","High"
1053,5137181.605,5137181.61,678,2,922,7,7,5014,8,680,340,"High_Price","Medium"
1054,3275514.525,3275514.53,478,16,1176,1,17,4474,9,494,247,"Low_Price","Medium"
1055,7410880.876,7410880.88,675,10,513,1,11,6071,14,685,342.5,"High_Price","Medium"
1056,2732335.128,2732335.13,395,1,1133,4,20,3092,3,396,198,"Low_Price","Low"
1057,918117.2627,918117.26,339,10,1552,1,14,5865,17,349,174.5,"Low_Price","Low"
1058,4864284.306,4864284.31,530,18,867,1,6,3936,17,548,274,"Low_Price","Medium"
1059,4803780.024,4803780.02,429,17,810,2,11,3330,20,446,223,"Low_Price","Medium"
1060,6670636.304,6670636.3,473,10,881,5,13,7307,3,483,241.5,"Low_Price","Medium"
1061,-1092379.696,1092379.7,451,15,1575,1,6,2637,14,466,233,"Low_Price","Medium"
1062,-3318062.114,3318062.11,560,5,1938,3,15,5735,7,565,282.5,"High_Price","Medium"
1063,4262077.752,4262077.75,635,18,1284,1,7,7615,20,653,326.5,"High_Price","Medium"
